id,page,target,proposal,status
"1","funding.html","fund-card-title-1","Show the provider website domain for Adam Taliaferro Foundation","implemented"
"2","funding.html","fund-card-title-1","Name Adam Taliaferro Foundation in the visible provider action","implemented"
"3","funding.html","fund-card-title-2","Show the provider website domain for Amy’s Angels","implemented"
"4","funding.html","fund-card-title-2","Name Amy’s Angels in the visible provider action","implemented"
"5","funding.html","fund-card-title-3","Show the provider website domain for Andee’s Army","implemented"
"6","funding.html","fund-card-title-3","Name Andee’s Army in the visible provider action","implemented"
"7","funding.html","fund-card-title-4","Show the provider website domain for Be Perfect Foundation","implemented"
"8","funding.html","fund-card-title-4","Name Be Perfect Foundation in the visible provider action","implemented"
"9","funding.html","fund-card-title-5","Show the provider website domain for Bishstrong Foundation","implemented"
"10","funding.html","fund-card-title-5","Name Bishstrong Foundation in the visible provider action","implemented"
"11","funding.html","fund-card-title-6","Show the provider website domain for Bryon Riesch Paralysis Foundation","implemented"
"12","funding.html","fund-card-title-6","Name Bryon Riesch Paralysis Foundation in the visible provider action","implemented"
"13","funding.html","fund-card-title-7","Show the provider website domain for Children’s Relief Fund","implemented"
"14","funding.html","fund-card-title-7","Name Children’s Relief Fund in the visible provider action","implemented"
"15","funding.html","fund-card-title-8","Show the provider website domain for Chive Charities","implemented"
"16","funding.html","fund-card-title-8","Name Chive Charities in the visible provider action","implemented"
"17","funding.html","fund-card-title-9","Show the provider website domain for Friends of Man","implemented"
"18","funding.html","fund-card-title-9","Name Friends of Man in the visible provider action","implemented"
"19","funding.html","fund-card-title-10","Show the provider website domain for Getting Back Up","implemented"
"20","funding.html","fund-card-title-10","Name Getting Back Up in the visible provider action","implemented"
"21","funding.html","fund-card-title-11","Show the provider website domain for Gridiron Heroes","implemented"
"22","funding.html","fund-card-title-11","Name Gridiron Heroes in the visible provider action","implemented"
"23","funding.html","fund-card-title-12","Show the provider website domain for Harry Allen Gregg Foundation","implemented"
"24","funding.html","fund-card-title-12","Name Harry Allen Gregg Foundation in the visible provider action","implemented"
"25","funding.html","fund-card-title-13","Show the provider website domain for High Fives Foundation","implemented"
"26","funding.html","fund-card-title-13","Name High Fives Foundation in the visible provider action","implemented"
"27","funding.html","fund-card-title-14","Show the provider website domain for Ian Burkhart Foundation","implemented"
"28","funding.html","fund-card-title-14","Name Ian Burkhart Foundation in the visible provider action","implemented"
"29","funding.html","fund-card-title-15","Show the provider website domain for IM ABLE Foundation","implemented"
"30","funding.html","fund-card-title-15","Name IM ABLE Foundation in the visible provider action","implemented"
"31","funding.html","fund-card-title-16","Show the provider website domain for Joseph Groh Foundation","implemented"
"32","funding.html","fund-card-title-16","Name Joseph Groh Foundation in the visible provider action","implemented"
"33","funding.html","fund-card-title-17","Show the provider website domain for NorCal SCI R2R","implemented"
"34","funding.html","fund-card-title-17","Name NorCal SCI R2R in the visible provider action","implemented"
"35","funding.html","fund-card-title-18","Show the provider website domain for Oracle Health Foundation","implemented"
"36","funding.html","fund-card-title-18","Name Oracle Health Foundation in the visible provider action","implemented"
"37","funding.html","fund-card-title-19","Show the provider website domain for Out of the Woods","implemented"
"38","funding.html","fund-card-title-19","Name Out of the Woods in the visible provider action","implemented"
"39","funding.html","fund-card-title-20","Show the provider website domain for PAN Foundation Fund Finder","implemented"
"40","funding.html","fund-card-title-20","Name PAN Foundation Fund Finder in the visible provider action","implemented"
"41","funding.html","fund-card-title-21","Show the provider website domain for Patric Young Foundation","implemented"
"42","funding.html","fund-card-title-21","Name Patric Young Foundation in the visible provider action","implemented"
"43","funding.html","fund-card-title-22","Show the provider website domain for Project 34","implemented"
"44","funding.html","fund-card-title-22","Name Project 34 in the visible provider action","implemented"
"45","funding.html","fund-card-title-23","Show the provider website domain for SCIBoston Back2RI Grant","implemented"
"46","funding.html","fund-card-title-23","Name SCIBoston Back2RI Grant in the visible provider action","implemented"
"47","funding.html","fund-card-title-24","Show the provider website domain for SCORE","implemented"
"48","funding.html","fund-card-title-24","Name SCORE in the visible provider action","implemented"
"49","funding.html","fund-card-title-25","Show the provider website domain for Semper Fi & America’s Fund","implemented"
"50","funding.html","fund-card-title-25","Name Semper Fi & America’s Fund in the visible provider action","implemented"
"51","funding.html","fund-card-title-26","Show the provider website domain for The Road 2 Recovery","implemented"
"52","funding.html","fund-card-title-26","Name The Road 2 Recovery in the visible provider action","implemented"
"53","funding.html","fund-card-title-27","Show the provider website domain for The Ryan Shazier Fund for Spinal Rehabilitation","implemented"
"54","funding.html","fund-card-title-27","Name The Ryan Shazier Fund for Spinal Rehabilitation in the visible provider action","implemented"
"55","funding.html","fund-card-title-28","Show the provider website domain for Thomas E. Smith Foundation","implemented"
"56","funding.html","fund-card-title-28","Name Thomas E. Smith Foundation in the visible provider action","implemented"
"57","funding.html","fund-card-title-29","Show the provider website domain for Triumph Foundation","implemented"
"58","funding.html","fund-card-title-29","Name Triumph Foundation in the visible provider action","implemented"
"59","funding.html","fund-card-title-30","Show the provider website domain for Variety – The Children’s Charity","implemented"
"60","funding.html","fund-card-title-30","Name Variety – The Children’s Charity in the visible provider action","implemented"
"61","funding.html","fund-card-title-31","Show the provider website domain for Victoria’s Victory","implemented"
"62","funding.html","fund-card-title-31","Name Victoria’s Victory in the visible provider action","implemented"
"63","funding.html","fund-card-title-32","Show the provider website domain for Walking With Anthony","implemented"
"64","funding.html","fund-card-title-32","Name Walking With Anthony in the visible provider action","implemented"
"65","funding.html","fund-card-title-33","Show the provider website domain for Wheel 2 Walk Foundation","implemented"
"66","funding.html","fund-card-title-33","Name Wheel 2 Walk Foundation in the visible provider action","implemented"
"67","funding.html","fund-card-title-34","Show the provider website domain for Wheelchairs 4 Kids","implemented"
"68","funding.html","fund-card-title-34","Name Wheelchairs 4 Kids in the visible provider action","implemented"
"69","funding.html","fund-card-title-35","Show the provider website domain for Life Goes On After TBI","implemented"
"70","funding.html","fund-card-title-35","Name Life Goes On After TBI in the visible provider action","implemented"
"71","funding.html","fund-card-title-36","Show the provider website domain for MS Focus Assistive Technology Program","implemented"
"72","funding.html","fund-card-title-36","Name MS Focus Assistive Technology Program in the visible provider action","implemented"
"73","funding.html","fund-card-title-37","Show the provider website domain for Head & SCI Program","implemented"
"74","funding.html","fund-card-title-37","Name Head & SCI Program in the visible provider action","implemented"
"75","funding.html","fund-card-title-38","Show the provider website domain for TBI Trust fund","implemented"
"76","funding.html","fund-card-title-38","Name TBI Trust fund in the visible provider action","implemented"
"77","funding.html","fund-card-title-39","Show the provider website domain for Brain Injury Alliance","implemented"
"78","funding.html","fund-card-title-39","Name Brain Injury Alliance in the visible provider action","implemented"
"79","funding.html","fund-card-title-40","Show the provider website domain for TBI Fund","implemented"
"80","funding.html","fund-card-title-40","Name TBI Fund in the visible provider action","implemented"
"81","funding.html","fund-card-title-41","Show the provider website domain for Brain & SCI Fund","implemented"
"82","funding.html","fund-card-title-41","Name Brain & SCI Fund in the visible provider action","implemented"
"83","funding.html","fund-card-title-42","Show the provider website domain for Brain & SCI Trust Fund","implemented"
"84","funding.html","fund-card-title-42","Name Brain & SCI Trust Fund in the visible provider action","implemented"
"85","funding.html","fund-card-title-43","Show the provider website domain for Neurotrauma Program","implemented"
"86","funding.html","fund-card-title-43","Name Neurotrauma Program in the visible provider action","implemented"
"87","funding.html","fund-card-title-44","Show the provider website domain for Traumatic Injury Trust Fund","implemented"
"88","funding.html","fund-card-title-44","Name Traumatic Injury Trust Fund in the visible provider action","implemented"
"89","funding.html","fund-card-title-45","Show the provider website domain for Traumatic Head & SCI Fund","implemented"
"90","funding.html","fund-card-title-45","Name Traumatic Head & SCI Fund in the visible provider action","implemented"
"91","funding.html","fund-card-title-46","Show the provider website domain for Brain Injury Waiver","implemented"
"92","funding.html","fund-card-title-46","Name Brain Injury Waiver in the visible provider action","implemented"
"93","funding.html","fund-card-title-47","Show the provider website domain for Spinal Cord Injury Program","implemented"
"94","funding.html","fund-card-title-47","Name Spinal Cord Injury Program in the visible provider action","implemented"
"95","funding.html","fund-card-title-48","Show the provider website domain for TBI/SCI Trust Fund","implemented"
"96","funding.html","fund-card-title-48","Name TBI/SCI Trust Fund in the visible provider action","implemented"
"97","funding.html","fund-card-title-49","Show the provider website domain for Brain Injury Alliance","implemented"
"98","funding.html","fund-card-title-49","Name Brain Injury Alliance in the visible provider action","implemented"
"99","funding.html","fund-card-title-50","Show the provider website domain for TBI Fund","implemented"
"100","funding.html","fund-card-title-50","Name TBI Fund in the visible provider action","implemented"
"101","funding.html","fund-card-title-51","Show the provider website domain for Brain Injury Alliance","implemented"
"102","funding.html","fund-card-title-51","Name Brain Injury Alliance in the visible provider action","implemented"
"103","funding.html","fund-card-title-52","Show the provider website domain for TBI Fund","implemented"
"104","funding.html","fund-card-title-52","Name TBI Fund in the visible provider action","implemented"
"105","funding.html","fund-card-title-53","Show the provider website domain for Brain Injury Network","implemented"
"106","funding.html","fund-card-title-53","Name Brain Injury Network in the visible provider action","implemented"
"107","funding.html","fund-card-title-54","Show the provider website domain for Brain Injury Alliance","implemented"
"108","funding.html","fund-card-title-54","Name Brain Injury Alliance in the visible provider action","implemented"
"109","funding.html","fund-card-title-55","Show the provider website domain for Head Injury Program","implemented"
"110","funding.html","fund-card-title-55","Name Head Injury Program in the visible provider action","implemented"
"111","funding.html","fund-card-title-56","Show the provider website domain for Brain Injury Alliance","implemented"
"112","funding.html","fund-card-title-56","Name Brain Injury Alliance in the visible provider action","implemented"
"113","funding.html","fund-card-title-57","Show the provider website domain for Brain Injury Association","implemented"
"114","funding.html","fund-card-title-57","Name Brain Injury Association in the visible provider action","implemented"
"115","funding.html","fund-card-title-58","Show the provider website domain for TBI Fund","implemented"
"116","funding.html","fund-card-title-58","Name TBI Fund in the visible provider action","implemented"
"117","funding.html","fund-card-title-59","Show the provider website domain for TBI Funds for You","implemented"
"118","funding.html","fund-card-title-59","Name TBI Funds for You in the visible provider action","implemented"
"119","funding.html","fund-card-title-60","Show the provider website domain for Gary Sinise Foundation","implemented"
"120","funding.html","fund-card-title-60","Name Gary Sinise Foundation in the visible provider action","implemented"
"121","funding.html","fund-card-title-61","Show the provider website domain for Digital Credit Union Access Loan","implemented"
"122","funding.html","fund-card-title-61","Name Digital Credit Union Access Loan in the visible provider action","implemented"
"123","funding.html","fund-card-title-62","Show the provider website domain for LoanNow Personal Loan for People with Disability","implemented"
"124","funding.html","fund-card-title-62","Name LoanNow Personal Loan for People with Disability in the visible provider action","implemented"
"125","funding.html","fund-card-title-63","Show the provider website domain for PAN Foundation","implemented"
"126","funding.html","fund-card-title-63","Name PAN Foundation in the visible provider action","implemented"
"127","funding.html","fund-card-title-64","Show the provider website domain for Ability Loan Program","implemented"
"128","funding.html","fund-card-title-64","Name Ability Loan Program in the visible provider action","implemented"
"129","funding.html","fund-card-title-65","Show the provider website domain for Assistive Technology Loan Fund","implemented"
"130","funding.html","fund-card-title-65","Name Assistive Technology Loan Fund in the visible provider action","implemented"
"131","funding.html","fund-card-title-66","Show the provider website domain for Arizona Loan$ for Assistive Technology","implemented"
"132","funding.html","fund-card-title-66","Name Arizona Loan$ for Assistive Technology in the visible provider action","implemented"
"133","funding.html","fund-card-title-67","Show the provider website domain for Alternative Financing Program","implemented"
"134","funding.html","fund-card-title-67","Name Alternative Financing Program in the visible provider action","implemented"
"135","funding.html","fund-card-title-68","Show the provider website domain for FreedomTech Financial Loan Program","implemented"
"136","funding.html","fund-card-title-68","Name FreedomTech Financial Loan Program in the visible provider action","implemented"
"137","funding.html","fund-card-title-69","Show the provider website domain for Assistive Technology Funding Sources","implemented"
"138","funding.html","fund-card-title-69","Name Assistive Technology Funding Sources in the visible provider action","implemented"
"139","funding.html","fund-card-title-70","Show the provider website domain for Connecticut Assistive Technology Loan Program","implemented"
"140","funding.html","fund-card-title-70","Name Connecticut Assistive Technology Loan Program in the visible provider action","implemented"
"141","funding.html","fund-card-title-71","Show the provider website domain for Easterseals Delaware Low-Interest Loans for More Accessible Living","implemented"
"142","funding.html","fund-card-title-71","Name Easterseals Delaware Low-Interest Loans for More Accessible Living in the visible provider action","implemented"
"143","funding.html","fund-card-title-72","Show the provider website domain for FAAST Loan Program","implemented"
"144","funding.html","fund-card-title-72","Name FAAST Loan Program in the visible provider action","implemented"
"145","funding.html","fund-card-title-73","Show the provider website domain for ATRC Loan Program","implemented"
"146","funding.html","fund-card-title-73","Name ATRC Loan Program in the visible provider action","implemented"
"147","funding.html","fund-card-title-74","Show the provider website domain for Idaho Assistive Technology Financing Program","implemented"
"148","funding.html","fund-card-title-74","Name Idaho Assistive Technology Financing Program in the visible provider action","implemented"
"149","funding.html","fund-card-title-75","Show the provider website domain for INDATA Alternative Financing Program","implemented"
"150","funding.html","fund-card-title-75","Name INDATA Alternative Financing Program in the visible provider action","implemented"
"151","funding.html","fund-card-title-76","Show the provider website domain for Iowa Able Alternative Financing Program","implemented"
"152","funding.html","fund-card-title-76","Name Iowa Able Alternative Financing Program in the visible provider action","implemented"
"153","funding.html","fund-card-title-77","Show the provider website domain for K-Loan Alternative Financing Program","implemented"
"154","funding.html","fund-card-title-77","Name K-Loan Alternative Financing Program in the visible provider action","implemented"
"155","funding.html","fund-card-title-78","Show the provider website domain for Kentucky Assistive Technology Loan Corporation","implemented"
"156","funding.html","fund-card-title-78","Name Kentucky Assistive Technology Loan Corporation in the visible provider action","implemented"
"157","funding.html","fund-card-title-79","Show the provider website domain for LATAN Alternative Financing Program","implemented"
"158","funding.html","fund-card-title-79","Name LATAN Alternative Financing Program in the visible provider action","implemented"
"159","funding.html","fund-card-title-80","Show the provider website domain for mPower Loan Program","implemented"
"160","funding.html","fund-card-title-80","Name mPower Loan Program in the visible provider action","implemented"
"161","funding.html","fund-card-title-81","Show the provider website domain for Maryland Assistive Technology Loan Program","implemented"
"162","funding.html","fund-card-title-81","Name Maryland Assistive Technology Loan Program in the visible provider action","implemented"
"163","funding.html","fund-card-title-82","Show the provider website domain for Massachusetts Assistive Technology Loan Program","implemented"
"164","funding.html","fund-card-title-82","Name Massachusetts Assistive Technology Loan Program in the visible provider action","implemented"
"165","funding.html","fund-card-title-83","Show the provider website domain for Michigan Assistive Technology Loan Fund","implemented"
"166","funding.html","fund-card-title-83","Name Michigan Assistive Technology Loan Fund in the visible provider action","implemented"
"167","funding.html","fund-card-title-84","Show the provider website domain for Missouri Show Me Loans","implemented"
"168","funding.html","fund-card-title-84","Name Missouri Show Me Loans in the visible provider action","implemented"
"169","funding.html","fund-card-title-85","Show the provider website domain for MonTECH Financial Loan Program","implemented"
"170","funding.html","fund-card-title-85","Name MonTECH Financial Loan Program in the visible provider action","implemented"
"171","funding.html","fund-card-title-86","Show the provider website domain for Easterseals Nebraska Alternative Financing Solutions","implemented"
"172","funding.html","fund-card-title-86","Name Easterseals Nebraska Alternative Financing Solutions in the visible provider action","implemented"
"173","funding.html","fund-card-title-87","Show the provider website domain for CARE Chest CARE Loan Program","implemented"
"174","funding.html","fund-card-title-87","Name CARE Chest CARE Loan Program in the visible provider action","implemented"
"175","funding.html","fund-card-title-88","Show the provider website domain for Assistive Technology Loan Program","implemented"
"176","funding.html","fund-card-title-88","Name Assistive Technology Loan Program in the visible provider action","implemented"
"177","funding.html","fund-card-title-89","Show the provider website domain for Self-Help Credit Union Assistive Technology Financing","implemented"
"178","funding.html","fund-card-title-89","Name Self-Help Credit Union Assistive Technology Financing in the visible provider action","implemented"
"179","funding.html","fund-card-title-90","Show the provider website domain for North Dakota Alternative Financial Loan Program","implemented"
"180","funding.html","fund-card-title-90","Name North Dakota Alternative Financial Loan Program in the visible provider action","implemented"
"181","funding.html","fund-card-title-91","Show the provider website domain for Oklahoma Alternative Financing Program","implemented"
"182","funding.html","fund-card-title-91","Name Oklahoma Alternative Financing Program in the visible provider action","implemented"
"183","funding.html","fund-card-title-92","Show the provider website domain for Northwest Access Fund","implemented"
"184","funding.html","fund-card-title-92","Name Northwest Access Fund in the visible provider action","implemented"
"185","funding.html","fund-card-title-93","Show the provider website domain for PATF Assistive Technology Loan Program","implemented"
"186","funding.html","fund-card-title-93","Name PATF Assistive Technology Loan Program in the visible provider action","implemented"
"187","funding.html","fund-card-title-94","Show the provider website domain for South Carolina Assistive Technology Program","implemented"
"188","funding.html","fund-card-title-94","Name South Carolina Assistive Technology Program in the visible provider action","implemented"
"189","funding.html","fund-card-title-95","Show the provider website domain for Utah Assistive Technology Loans","implemented"
"190","funding.html","fund-card-title-95","Name Utah Assistive Technology Loans in the visible provider action","implemented"
"191","funding.html","fund-card-title-96","Show the provider website domain for Green Mountain Credit Union Independence Fund","implemented"
"192","funding.html","fund-card-title-96","Name Green Mountain Credit Union Independence Fund in the visible provider action","implemented"
"193","funding.html","fund-card-title-97","Show the provider website domain for Assistive Technology Loan Fund Authority","implemented"
"194","funding.html","fund-card-title-97","Name Assistive Technology Loan Fund Authority in the visible provider action","implemented"
"195","funding.html","fund-card-title-98","Show the provider website domain for DC Fund$","implemented"
"196","funding.html","fund-card-title-98","Name DC Fund$ in the visible provider action","implemented"
"197","funding.html","fund-card-title-99","Show the provider website domain for WisTech","implemented"
"198","funding.html","fund-card-title-99","Name WisTech in the visible provider action","implemented"
"199","funding.html","fund-card-title-100","Show the provider website domain for Wyoming Technology Access Program","implemented"
"200","funding.html","fund-card-title-100","Name Wyoming Technology Access Program in the visible provider action","implemented"
"201","funding.html","fund-card-title-101","Show the provider website domain for Alabama","implemented"
"202","funding.html","fund-card-title-101","Name Alabama in the visible provider action","implemented"
"203","funding.html","fund-card-title-102","Show the provider website domain for Alaska","implemented"
"204","funding.html","fund-card-title-102","Name Alaska in the visible provider action","implemented"
"205","funding.html","fund-card-title-103","Show the provider website domain for Arizona","implemented"
"206","funding.html","fund-card-title-103","Name Arizona in the visible provider action","implemented"
"207","funding.html","fund-card-title-104","Show the provider website domain for Arkansas","implemented"
"208","funding.html","fund-card-title-104","Name Arkansas in the visible provider action","implemented"
"209","funding.html","fund-card-title-105","Show the provider website domain for California","implemented"
"210","funding.html","fund-card-title-105","Name California in the visible provider action","implemented"
"211","funding.html","fund-card-title-106","Show the provider website domain for Colorado","implemented"
"212","funding.html","fund-card-title-106","Name Colorado in the visible provider action","implemented"
"213","funding.html","fund-card-title-107","Show the provider website domain for Connecticut","implemented"
"214","funding.html","fund-card-title-107","Name Connecticut in the visible provider action","implemented"
"215","funding.html","fund-card-title-108","Show the provider website domain for Delaware","implemented"
"216","funding.html","fund-card-title-108","Name Delaware in the visible provider action","implemented"
"217","funding.html","fund-card-title-109","Show the provider website domain for District of Columbia","implemented"
"218","funding.html","fund-card-title-109","Name District of Columbia in the visible provider action","implemented"
"219","funding.html","fund-card-title-110","Show the provider website domain for Florida","implemented"
"220","funding.html","fund-card-title-110","Name Florida in the visible provider action","implemented"
"221","funding.html","fund-card-title-111","Show the provider website domain for Georgia","implemented"
"222","funding.html","fund-card-title-111","Name Georgia in the visible provider action","implemented"
"223","funding.html","fund-card-title-112","Show the provider website domain for Hawaii","implemented"
"224","funding.html","fund-card-title-112","Name Hawaii in the visible provider action","implemented"
"225","funding.html","fund-card-title-113","Show the provider website domain for Idaho","implemented"
"226","funding.html","fund-card-title-113","Name Idaho in the visible provider action","implemented"
"227","funding.html","fund-card-title-114","Show the provider website domain for Illinois","implemented"
"228","funding.html","fund-card-title-114","Name Illinois in the visible provider action","implemented"
"229","funding.html","fund-card-title-115","Show the provider website domain for Indiana","implemented"
"230","funding.html","fund-card-title-115","Name Indiana in the visible provider action","implemented"
"231","funding.html","fund-card-title-116","Show the provider website domain for Iowa","implemented"
"232","funding.html","fund-card-title-116","Name Iowa in the visible provider action","implemented"
"233","funding.html","fund-card-title-117","Show the provider website domain for Kansas","implemented"
"234","funding.html","fund-card-title-117","Name Kansas in the visible provider action","implemented"
"235","funding.html","fund-card-title-118","Show the provider website domain for Kentucky","implemented"
"236","funding.html","fund-card-title-118","Name Kentucky in the visible provider action","implemented"
"237","funding.html","fund-card-title-119","Show the provider website domain for Louisiana","implemented"
"238","funding.html","fund-card-title-119","Name Louisiana in the visible provider action","implemented"
"239","funding.html","fund-card-title-120","Show the provider website domain for Maine","implemented"
"240","funding.html","fund-card-title-120","Name Maine in the visible provider action","implemented"
"241","funding.html","fund-card-title-121","Show the provider website domain for Maryland","implemented"
"242","funding.html","fund-card-title-121","Name Maryland in the visible provider action","implemented"
"243","funding.html","fund-card-title-122","Show the provider website domain for Massachusetts","implemented"
"244","funding.html","fund-card-title-122","Name Massachusetts in the visible provider action","implemented"
"245","funding.html","fund-card-title-123","Show the provider website domain for Michigan","implemented"
"246","funding.html","fund-card-title-123","Name Michigan in the visible provider action","implemented"
"247","funding.html","fund-card-title-124","Show the provider website domain for Minnesota","implemented"
"248","funding.html","fund-card-title-124","Name Minnesota in the visible provider action","implemented"
"249","funding.html","fund-card-title-125","Show the provider website domain for Mississippi","implemented"
"250","funding.html","fund-card-title-125","Name Mississippi in the visible provider action","implemented"
"251","funding.html","fund-card-title-126","Show the provider website domain for Missouri","implemented"
"252","funding.html","fund-card-title-126","Name Missouri in the visible provider action","implemented"
"253","funding.html","fund-card-title-127","Show the provider website domain for Montana","implemented"
"254","funding.html","fund-card-title-127","Name Montana in the visible provider action","implemented"
"255","funding.html","fund-card-title-128","Show the provider website domain for Nebraska","implemented"
"256","funding.html","fund-card-title-128","Name Nebraska in the visible provider action","implemented"
"257","funding.html","fund-card-title-129","Show the provider website domain for Nevada","implemented"
"258","funding.html","fund-card-title-129","Name Nevada in the visible provider action","implemented"
"259","funding.html","fund-card-title-130","Show the provider website domain for New Hampshire","implemented"
"260","funding.html","fund-card-title-130","Name New Hampshire in the visible provider action","implemented"
"261","funding.html","fund-card-title-131","Show the provider website domain for New Jersey","implemented"
"262","funding.html","fund-card-title-131","Name New Jersey in the visible provider action","implemented"
"263","funding.html","fund-card-title-132","Show the provider website domain for New Mexico","implemented"
"264","funding.html","fund-card-title-132","Name New Mexico in the visible provider action","implemented"
"265","funding.html","fund-card-title-133","Show the provider website domain for New York","implemented"
"266","funding.html","fund-card-title-133","Name New York in the visible provider action","implemented"
"267","funding.html","fund-card-title-134","Show the provider website domain for North Carolina","implemented"
"268","funding.html","fund-card-title-134","Name North Carolina in the visible provider action","implemented"
"269","funding.html","fund-card-title-135","Show the provider website domain for North Dakota","implemented"
"270","funding.html","fund-card-title-135","Name North Dakota in the visible provider action","implemented"
"271","funding.html","fund-card-title-136","Show the provider website domain for Ohio","implemented"
"272","funding.html","fund-card-title-136","Name Ohio in the visible provider action","implemented"
"273","funding.html","fund-card-title-137","Show the provider website domain for Oklahoma","implemented"
"274","funding.html","fund-card-title-137","Name Oklahoma in the visible provider action","implemented"
"275","funding.html","fund-card-title-138","Show the provider website domain for Oregon","implemented"
"276","funding.html","fund-card-title-138","Name Oregon in the visible provider action","implemented"
"277","funding.html","fund-card-title-139","Show the provider website domain for Pennsylvania","implemented"
"278","funding.html","fund-card-title-139","Name Pennsylvania in the visible provider action","implemented"
"279","funding.html","fund-card-title-140","Show the provider website domain for Rhode Island","implemented"
"280","funding.html","fund-card-title-140","Name Rhode Island in the visible provider action","implemented"
"281","funding.html","fund-card-title-141","Show the provider website domain for South Carolina","implemented"
"282","funding.html","fund-card-title-141","Name South Carolina in the visible provider action","implemented"
"283","funding.html","fund-card-title-142","Show the provider website domain for South Dakota","implemented"
"284","funding.html","fund-card-title-142","Name South Dakota in the visible provider action","implemented"
"285","funding.html","fund-card-title-143","Show the provider website domain for Tennessee","implemented"
"286","funding.html","fund-card-title-143","Name Tennessee in the visible provider action","implemented"
"287","funding.html","fund-card-title-144","Show the provider website domain for Texas","implemented"
"288","funding.html","fund-card-title-144","Name Texas in the visible provider action","implemented"
"289","funding.html","fund-card-title-145","Show the provider website domain for Utah","implemented"
"290","funding.html","fund-card-title-145","Name Utah in the visible provider action","implemented"
"291","funding.html","fund-card-title-146","Show the provider website domain for Vermont","implemented"
"292","funding.html","fund-card-title-146","Name Vermont in the visible provider action","implemented"
"293","funding.html","fund-card-title-147","Show the provider website domain for Virginia","implemented"
"294","funding.html","fund-card-title-147","Name Virginia in the visible provider action","implemented"
"295","funding.html","fund-card-title-148","Show the provider website domain for Washington","implemented"
"296","funding.html","fund-card-title-148","Name Washington in the visible provider action","implemented"
"297","funding.html","fund-card-title-149","Show the provider website domain for West Virginia","implemented"
"298","funding.html","fund-card-title-149","Name West Virginia in the visible provider action","implemented"
"299","funding.html","fund-card-title-150","Show the provider website domain for Wisconsin","implemented"
"300","funding.html","fund-card-title-150","Name Wisconsin in the visible provider action","implemented"
"301","funding.html","fund-card-title-151","Show the provider website domain for Wyoming","implemented"
"302","funding.html","fund-card-title-151","Name Wyoming in the visible provider action","implemented"
"303","funding.html","fund-card-title-152","Show the provider website domain for Alabama","implemented"
"304","funding.html","fund-card-title-152","Name Alabama in the visible provider action","implemented"
"305","funding.html","fund-card-title-153","Show the provider website domain for Alaska","implemented"
"306","funding.html","fund-card-title-153","Name Alaska in the visible provider action","implemented"
"307","funding.html","fund-card-title-154","Show the provider website domain for Arizona","implemented"
"308","funding.html","fund-card-title-154","Name Arizona in the visible provider action","implemented"
"309","funding.html","fund-card-title-155","Show the provider website domain for Arkansas","implemented"
"310","funding.html","fund-card-title-155","Name Arkansas in the visible provider action","implemented"
"311","funding.html","fund-card-title-156","Show the provider website domain for California","implemented"
"312","funding.html","fund-card-title-156","Name California in the visible provider action","implemented"
"313","funding.html","fund-card-title-157","Show the provider website domain for Colorado","implemented"
"314","funding.html","fund-card-title-157","Name Colorado in the visible provider action","implemented"
"315","funding.html","fund-card-title-158","Show the provider website domain for Connecticut","implemented"
"316","funding.html","fund-card-title-158","Name Connecticut in the visible provider action","implemented"
"317","funding.html","fund-card-title-159","Show the provider website domain for Delaware","implemented"
"318","funding.html","fund-card-title-159","Name Delaware in the visible provider action","implemented"
"319","funding.html","fund-card-title-160","Show the provider website domain for District of Columbia","implemented"
"320","funding.html","fund-card-title-160","Name District of Columbia in the visible provider action","implemented"
"321","funding.html","fund-card-title-161","Show the provider website domain for Florida","implemented"
"322","funding.html","fund-card-title-161","Name Florida in the visible provider action","implemented"
"323","funding.html","fund-card-title-162","Show the provider website domain for Georgia","implemented"
"324","funding.html","fund-card-title-162","Name Georgia in the visible provider action","implemented"
"325","funding.html","fund-card-title-163","Show the provider website domain for Hawaii","implemented"
"326","funding.html","fund-card-title-163","Name Hawaii in the visible provider action","implemented"
"327","funding.html","fund-card-title-164","Show the provider website domain for Idaho","implemented"
"328","funding.html","fund-card-title-164","Name Idaho in the visible provider action","implemented"
"329","funding.html","fund-card-title-165","Show the provider website domain for Illinois","implemented"
"330","funding.html","fund-card-title-165","Name Illinois in the visible provider action","implemented"
"331","funding.html","fund-card-title-166","Show the provider website domain for Indiana","implemented"
"332","funding.html","fund-card-title-166","Name Indiana in the visible provider action","implemented"
"333","funding.html","fund-card-title-167","Show the provider website domain for Iowa","implemented"
"334","funding.html","fund-card-title-167","Name Iowa in the visible provider action","implemented"
"335","funding.html","fund-card-title-168","Show the provider website domain for Kansas","implemented"
"336","funding.html","fund-card-title-168","Name Kansas in the visible provider action","implemented"
"337","funding.html","fund-card-title-169","Show the provider website domain for Kentucky","implemented"
"338","funding.html","fund-card-title-169","Name Kentucky in the visible provider action","implemented"
"339","funding.html","fund-card-title-170","Show the provider website domain for Louisiana","implemented"
"340","funding.html","fund-card-title-170","Name Louisiana in the visible provider action","implemented"
"341","funding.html","fund-card-title-171","Show the provider website domain for Maine","implemented"
"342","funding.html","fund-card-title-171","Name Maine in the visible provider action","implemented"
"343","funding.html","fund-card-title-172","Show the provider website domain for Maryland","implemented"
"344","funding.html","fund-card-title-172","Name Maryland in the visible provider action","implemented"
"345","funding.html","fund-card-title-173","Show the provider website domain for Massachusetts","implemented"
"346","funding.html","fund-card-title-173","Name Massachusetts in the visible provider action","implemented"
"347","funding.html","fund-card-title-174","Show the provider website domain for Michigan","implemented"
"348","funding.html","fund-card-title-174","Name Michigan in the visible provider action","implemented"
"349","funding.html","fund-card-title-175","Show the provider website domain for Minnesota","implemented"
"350","funding.html","fund-card-title-175","Name Minnesota in the visible provider action","implemented"
"351","funding.html","fund-card-title-176","Show the provider website domain for Mississippi","implemented"
"352","funding.html","fund-card-title-176","Name Mississippi in the visible provider action","implemented"
"353","funding.html","fund-card-title-177","Show the provider website domain for Missouri","implemented"
"354","funding.html","fund-card-title-177","Name Missouri in the visible provider action","implemented"
"355","funding.html","fund-card-title-178","Show the provider website domain for Montana","implemented"
"356","funding.html","fund-card-title-178","Name Montana in the visible provider action","implemented"
"357","funding.html","fund-card-title-179","Show the provider website domain for Nebraska","implemented"
"358","funding.html","fund-card-title-179","Name Nebraska in the visible provider action","implemented"
"359","funding.html","fund-card-title-180","Show the provider website domain for Nevada","implemented"
"360","funding.html","fund-card-title-180","Name Nevada in the visible provider action","implemented"
"361","funding.html","fund-card-title-181","Show the provider website domain for New Hampshire","implemented"
"362","funding.html","fund-card-title-181","Name New Hampshire in the visible provider action","implemented"
"363","funding.html","fund-card-title-182","Show the provider website domain for New Jersey","implemented"
"364","funding.html","fund-card-title-182","Name New Jersey in the visible provider action","implemented"
"365","funding.html","fund-card-title-183","Show the provider website domain for New Mexico","implemented"
"366","funding.html","fund-card-title-183","Name New Mexico in the visible provider action","implemented"
"367","funding.html","fund-card-title-184","Show the provider website domain for New York","implemented"
"368","funding.html","fund-card-title-184","Name New York in the visible provider action","implemented"
"369","funding.html","fund-card-title-185","Show the provider website domain for North Carolina","implemented"
"370","funding.html","fund-card-title-185","Name North Carolina in the visible provider action","implemented"
"371","funding.html","fund-card-title-186","Show the provider website domain for North Dakota","implemented"
"372","funding.html","fund-card-title-186","Name North Dakota in the visible provider action","implemented"
"373","funding.html","fund-card-title-187","Show the provider website domain for Ohio","implemented"
"374","funding.html","fund-card-title-187","Name Ohio in the visible provider action","implemented"
"375","funding.html","fund-card-title-188","Show the provider website domain for Oklahoma","implemented"
"376","funding.html","fund-card-title-188","Name Oklahoma in the visible provider action","implemented"
"377","funding.html","fund-card-title-189","Show the provider website domain for Oregon","implemented"
"378","funding.html","fund-card-title-189","Name Oregon in the visible provider action","implemented"
"379","funding.html","fund-card-title-190","Show the provider website domain for Pennsylvania","implemented"
"380","funding.html","fund-card-title-190","Name Pennsylvania in the visible provider action","implemented"
"381","funding.html","fund-card-title-191","Show the provider website domain for Rhode Island","implemented"
"382","funding.html","fund-card-title-191","Name Rhode Island in the visible provider action","implemented"
"383","funding.html","fund-card-title-192","Show the provider website domain for South Carolina","implemented"
"384","funding.html","fund-card-title-192","Name South Carolina in the visible provider action","implemented"
"385","funding.html","fund-card-title-193","Show the provider website domain for South Dakota","implemented"
"386","funding.html","fund-card-title-193","Name South Dakota in the visible provider action","implemented"
"387","funding.html","fund-card-title-194","Show the provider website domain for Tennessee","implemented"
"388","funding.html","fund-card-title-194","Name Tennessee in the visible provider action","implemented"
"389","funding.html","fund-card-title-195","Show the provider website domain for Texas","implemented"
"390","funding.html","fund-card-title-195","Name Texas in the visible provider action","implemented"
"391","funding.html","fund-card-title-196","Show the provider website domain for Utah","implemented"
"392","funding.html","fund-card-title-196","Name Utah in the visible provider action","implemented"
"393","funding.html","fund-card-title-197","Show the provider website domain for Vermont","implemented"
"394","funding.html","fund-card-title-197","Name Vermont in the visible provider action","implemented"
"395","funding.html","fund-card-title-198","Show the provider website domain for Virginia","implemented"
"396","funding.html","fund-card-title-198","Name Virginia in the visible provider action","implemented"
"397","funding.html","fund-card-title-199","Show the provider website domain for Washington","implemented"
"398","funding.html","fund-card-title-199","Name Washington in the visible provider action","implemented"
"399","funding.html","fund-card-title-200","Show the provider website domain for West Virginia","implemented"
"400","funding.html","fund-card-title-200","Name West Virginia in the visible provider action","implemented"
"401","funding.html","fund-card-title-201","Show the provider website domain for Wisconsin","implemented"
"402","funding.html","fund-card-title-201","Name Wisconsin in the visible provider action","implemented"
"403","funding.html","fund-card-title-202","Show the provider website domain for Wyoming","implemented"
"404","funding.html","fund-card-title-202","Name Wyoming in the visible provider action","implemented"
"405","funding.html","fund-card-title-203","Show the provider website domain for Help Hope Live Catastrophic Injury Campaign","implemented"
"406","funding.html","fund-card-title-203","Name Help Hope Live Catastrophic Injury Campaign in the visible provider action","implemented"
"407","funding.html","fund-card-title-204","Show the provider website domain for GoFundMe Medical Fundrasing","implemented"
"408","funding.html","fund-card-title-204","Name GoFundMe Medical Fundrasing in the visible provider action","implemented"
"409","index.html",".print-page-context strong","Include the page title when printing","implemented"
"410","index.html",".print-page-context span","Include the source URL when printing","implemented"
"411","index.html",".back-to-top","Add a keyboard-accessible return-to-top link in the footer","implemented"
"412","index.html",".skip-link","Move keyboard focus into main content when skipping navigation","implemented"
"413","research.html",".print-page-context strong","Include the page title when printing","implemented"
"414","research.html",".print-page-context span","Include the source URL when printing","implemented"
"415","research.html",".back-to-top","Add a keyboard-accessible return-to-top link in the footer","implemented"
"416","research.html",".skip-link","Move keyboard focus into main content when skipping navigation","implemented"
"417","bylaws.html",".print-page-context strong","Include the page title when printing","implemented"
"418","bylaws.html",".print-page-context span","Include the source URL when printing","implemented"
"419","bylaws.html",".back-to-top","Add a keyboard-accessible return-to-top link in the footer","implemented"
"420","bylaws.html",".skip-link","Move keyboard focus into main content when skipping navigation","implemented"
"421","legmaker.html",".print-page-context strong","Include the page title when printing","implemented"
"422","legmaker.html",".print-page-context span","Include the source URL when printing","implemented"
"423","legmaker.html",".back-to-top","Add a keyboard-accessible return-to-top link in the footer","implemented"
"424","legmaker.html",".skip-link","Move keyboard focus into main content when skipping navigation","implemented"
"425","privacy.html",".print-page-context strong","Include the page title when printing","implemented"
"426","privacy.html",".print-page-context span","Include the source URL when printing","implemented"
"427","privacy.html",".back-to-top","Add a keyboard-accessible return-to-top link in the footer","implemented"
"428","privacy.html",".skip-link","Move keyboard focus into main content when skipping navigation","implemented"
"429","contact.html",".print-page-context strong","Include the page title when printing","implemented"
"430","contact.html",".print-page-context span","Include the source URL when printing","implemented"
"431","contact.html",".back-to-top","Add a keyboard-accessible return-to-top link in the footer","implemented"
"432","contact.html",".skip-link","Move keyboard focus into main content when skipping navigation","implemented"
"433","security.html",".print-page-context strong","Include the page title when printing","implemented"
"434","security.html",".print-page-context span","Include the source URL when printing","implemented"
"435","security.html",".back-to-top","Add a keyboard-accessible return-to-top link in the footer","implemented"
"436","security.html",".skip-link","Move keyboard focus into main content when skipping navigation","implemented"
"437","compare-legmaker-myocycle-rt300.html",".print-page-context strong","Include the page title when printing","implemented"
"438","compare-legmaker-myocycle-rt300.html",".print-page-context span","Include the source URL when printing","implemented"
"439","compare-legmaker-myocycle-rt300.html",".back-to-top","Add a keyboard-accessible return-to-top link in the footer","implemented"
"440","compare-legmaker-myocycle-rt300.html",".skip-link","Move keyboard focus into main content when skipping navigation","implemented"
"441","investors.html",".print-page-context strong","Include the page title when printing","implemented"
"442","investors.html",".print-page-context span","Include the source URL when printing","implemented"
"443","investors.html",".back-to-top","Add a keyboard-accessible return-to-top link in the footer","implemented"
"444","investors.html",".skip-link","Move keyboard focus into main content when skipping navigation","implemented"
"445","terms.html",".print-page-context strong","Include the page title when printing","implemented"
"446","terms.html",".print-page-context span","Include the source URL when printing","implemented"
"447","terms.html",".back-to-top","Add a keyboard-accessible return-to-top link in the footer","implemented"
"448","terms.html",".skip-link","Move keyboard focus into main content when skipping navigation","implemented"
"449","patents.html",".print-page-context strong","Include the page title when printing","implemented"
"450","patents.html",".print-page-context span","Include the source URL when printing","implemented"
"451","patents.html",".back-to-top","Add a keyboard-accessible return-to-top link in the footer","implemented"
"452","patents.html",".skip-link","Move keyboard focus into main content when skipping navigation","implemented"
"453","wheelchair-pedal-exercisers.html",".print-page-context strong","Include the page title when printing","implemented"
"454","wheelchair-pedal-exercisers.html",".print-page-context span","Include the source URL when printing","implemented"
"455","wheelchair-pedal-exercisers.html",".back-to-top","Add a keyboard-accessible return-to-top link in the footer","implemented"
"456","wheelchair-pedal-exercisers.html",".skip-link","Move keyboard focus into main content when skipping navigation","implemented"
"457","company.html",".print-page-context strong","Include the page title when printing","implemented"
"458","company.html",".print-page-context span","Include the source URL when printing","implemented"
"459","company.html",".back-to-top","Add a keyboard-accessible return-to-top link in the footer","implemented"
"460","company.html",".skip-link","Move keyboard focus into main content when skipping navigation","implemented"
"461","confidentiality.html",".print-page-context strong","Include the page title when printing","implemented"
"462","confidentiality.html",".print-page-context span","Include the source URL when printing","implemented"
"463","confidentiality.html",".back-to-top","Add a keyboard-accessible return-to-top link in the footer","implemented"
"464","confidentiality.html",".skip-link","Move keyboard focus into main content when skipping navigation","implemented"
"465","news.html",".print-page-context strong","Include the page title when printing","implemented"
"466","news.html",".print-page-context span","Include the source URL when printing","implemented"
"467","news.html",".back-to-top","Add a keyboard-accessible return-to-top link in the footer","implemented"
"468","news.html",".skip-link","Move keyboard focus into main content when skipping navigation","implemented"
"469","photos.html",".print-page-context strong","Include the page title when printing","implemented"
"470","photos.html",".print-page-context span","Include the source URL when printing","implemented"
"471","photos.html",".back-to-top","Add a keyboard-accessible return-to-top link in the footer","implemented"
"472","photos.html",".skip-link","Move keyboard focus into main content when skipping navigation","implemented"
"473","technology.html",".print-page-context strong","Include the page title when printing","implemented"
"474","technology.html",".print-page-context span","Include the source URL when printing","implemented"
"475","technology.html",".back-to-top","Add a keyboard-accessible return-to-top link in the footer","implemented"
"476","technology.html",".skip-link","Move keyboard focus into main content when skipping navigation","implemented"
"477","icons.html",".print-page-context strong","Include the page title when printing","implemented"
"478","icons.html",".print-page-context span","Include the source URL when printing","implemented"
"479","icons.html",".back-to-top","Add a keyboard-accessible return-to-top link in the footer","implemented"
"480","icons.html",".skip-link","Move keyboard focus into main content when skipping navigation","implemented"
"481","purchase-orders.html",".print-page-context strong","Include the page title when printing","implemented"
"482","purchase-orders.html",".print-page-context span","Include the source URL when printing","implemented"
"483","purchase-orders.html",".back-to-top","Add a keyboard-accessible return-to-top link in the footer","implemented"
"484","purchase-orders.html",".skip-link","Move keyboard focus into main content when skipping navigation","implemented"
"485","funding.html",".print-page-context strong","Include the page title when printing","implemented"
"486","funding.html",".print-page-context span","Include the source URL when printing","implemented"
"487","funding.html",".back-to-top","Add a keyboard-accessible return-to-top link in the footer","implemented"
"488","funding.html",".skip-link","Move keyboard focus into main content when skipping navigation","implemented"
"489","resources.html",".print-page-context strong","Include the page title when printing","implemented"
"490","resources.html",".print-page-context span","Include the source URL when printing","implemented"
"491","resources.html",".back-to-top","Add a keyboard-accessible return-to-top link in the footer","implemented"
"492","resources.html",".skip-link","Move keyboard focus into main content when skipping navigation","implemented"
"493","compliance.html",".print-page-context strong","Include the page title when printing","implemented"
"494","compliance.html",".print-page-context span","Include the source URL when printing","implemented"
"495","compliance.html",".back-to-top","Add a keyboard-accessible return-to-top link in the footer","implemented"
"496","compliance.html",".skip-link","Move keyboard focus into main content when skipping navigation","implemented"
"497","404.html",".print-page-context strong","Include the page title when printing","implemented"
"498","404.html",".print-page-context span","Include the source URL when printing","implemented"
"499","404.html",".back-to-top","Add a keyboard-accessible return-to-top link in the footer","implemented"
"500","404.html",".skip-link","Move keyboard focus into main content when skipping navigation","implemented"
