id,page,target,change,status
"1","funding.html","fund-card-title-1","Include taliaferrofoundation.org in searchable provider keywords","implemented"
"2","funding.html","fund-card-title-1","Distinguish Adam Taliaferro Foundation by Foundations in its accessible link name","implemented"
"3","funding.html","fund-card-title-2","Include amysangels.org in searchable provider keywords","implemented"
"4","funding.html","fund-card-title-2","Distinguish Amy’s Angels by Foundations in its accessible link name","implemented"
"5","funding.html","fund-card-title-3","Include andeesarmy.org in searchable provider keywords","implemented"
"6","funding.html","fund-card-title-3","Distinguish Andee’s Army by Foundations in its accessible link name","implemented"
"7","funding.html","fund-card-title-4","Include beperfectfoundation.org in searchable provider keywords","implemented"
"8","funding.html","fund-card-title-4","Distinguish Be Perfect Foundation by Foundations in its accessible link name","implemented"
"9","funding.html","fund-card-title-5","Include bishstrongfoundation.org in searchable provider keywords","implemented"
"10","funding.html","fund-card-title-5","Distinguish Bishstrong Foundation by Foundations in its accessible link name","implemented"
"11","funding.html","fund-card-title-6","Include brpf.org in searchable provider keywords","implemented"
"12","funding.html","fund-card-title-6","Distinguish Bryon Riesch Paralysis Foundation by Foundations in its accessible link name","implemented"
"13","funding.html","fund-card-title-7","Include thechildrensrelieffund.org in searchable provider keywords","implemented"
"14","funding.html","fund-card-title-7","Distinguish Children’s Relief Fund by Foundations in its accessible link name","implemented"
"15","funding.html","fund-card-title-8","Include chivecharities.org in searchable provider keywords","implemented"
"16","funding.html","fund-card-title-8","Distinguish Chive Charities by Foundations in its accessible link name","implemented"
"17","funding.html","fund-card-title-9","Include friendsofman.org in searchable provider keywords","implemented"
"18","funding.html","fund-card-title-9","Distinguish Friends of Man by Foundations in its accessible link name","implemented"
"19","funding.html","fund-card-title-10","Include gettingbackup.org in searchable provider keywords","implemented"
"20","funding.html","fund-card-title-10","Distinguish Getting Back Up by Foundations in its accessible link name","implemented"
"21","funding.html","fund-card-title-11","Include gridironheroes.org in searchable provider keywords","implemented"
"22","funding.html","fund-card-title-11","Distinguish Gridiron Heroes by Foundations in its accessible link name","implemented"
"23","funding.html","fund-card-title-12","Include harrygreggfoundation.org in searchable provider keywords","implemented"
"24","funding.html","fund-card-title-12","Distinguish Harry Allen Gregg Foundation by Foundations in its accessible link name","implemented"
"25","funding.html","fund-card-title-13","Include highfivesfoundation.org in searchable provider keywords","implemented"
"26","funding.html","fund-card-title-13","Distinguish High Fives Foundation by Foundations in its accessible link name","implemented"
"27","funding.html","fund-card-title-14","Include ianburkhartfoundation.org in searchable provider keywords","implemented"
"28","funding.html","fund-card-title-14","Distinguish Ian Burkhart Foundation by Foundations in its accessible link name","implemented"
"29","funding.html","fund-card-title-15","Include imablefoundation.org in searchable provider keywords","implemented"
"30","funding.html","fund-card-title-15","Distinguish IM ABLE Foundation by Foundations in its accessible link name","implemented"
"31","funding.html","fund-card-title-16","Include josephgrohfoundation.org in searchable provider keywords","implemented"
"32","funding.html","fund-card-title-16","Distinguish Joseph Groh Foundation by Foundations in its accessible link name","implemented"
"33","funding.html","fund-card-title-17","Include norcalsci.org in searchable provider keywords","implemented"
"34","funding.html","fund-card-title-17","Distinguish NorCal SCI R2R by Foundations in its accessible link name","implemented"
"35","funding.html","fund-card-title-18","Include oraclehealthfoundation.org in searchable provider keywords","implemented"
"36","funding.html","fund-card-title-18","Distinguish Oracle Health Foundation by Foundations in its accessible link name","implemented"
"37","funding.html","fund-card-title-19","Include outofthewoods.help in searchable provider keywords","implemented"
"38","funding.html","fund-card-title-19","Distinguish Out of the Woods by Foundations in its accessible link name","implemented"
"39","funding.html","fund-card-title-20","Include panfoundation.org in searchable provider keywords","implemented"
"40","funding.html","fund-card-title-20","Distinguish PAN Foundation Fund Finder by Foundations in its accessible link name","implemented"
"41","funding.html","fund-card-title-21","Include py4foundation.org in searchable provider keywords","implemented"
"42","funding.html","fund-card-title-21","Distinguish Patric Young Foundation by Foundations in its accessible link name","implemented"
"43","funding.html","fund-card-title-22","Include projectthirtyfour.com in searchable provider keywords","implemented"
"44","funding.html","fund-card-title-22","Distinguish Project 34 by Foundations in its accessible link name","implemented"
"45","funding.html","fund-card-title-23","Include sciboston.org in searchable provider keywords","implemented"
"46","funding.html","fund-card-title-23","Distinguish SCIBoston Back2RI Grant by Foundations in its accessible link name","implemented"
"47","funding.html","fund-card-title-24","Include scorefund.org in searchable provider keywords","implemented"
"48","funding.html","fund-card-title-24","Distinguish SCORE by Foundations in its accessible link name","implemented"
"49","funding.html","fund-card-title-25","Include thefund.org in searchable provider keywords","implemented"
"50","funding.html","fund-card-title-25","Distinguish Semper Fi &amp; America’s Fund by Foundations in its accessible link name","implemented"
"51","funding.html","fund-card-title-26","Include road2recovery.com in searchable provider keywords","implemented"
"52","funding.html","fund-card-title-26","Distinguish The Road 2 Recovery by Foundations in its accessible link name","implemented"
"53","funding.html","fund-card-title-27","Include ryanshazierfund.org in searchable provider keywords","implemented"
"54","funding.html","fund-card-title-27","Distinguish The Ryan Shazier Fund for Spinal Rehabilitation by Foundations in its accessible link name","implemented"
"55","funding.html","fund-card-title-28","Include thomasesmithfoundation.org in searchable provider keywords","implemented"
"56","funding.html","fund-card-title-28","Distinguish Thomas E. Smith Foundation by Foundations in its accessible link name","implemented"
"57","funding.html","fund-card-title-29","Include triumph-foundation.org in searchable provider keywords","implemented"
"58","funding.html","fund-card-title-29","Distinguish Triumph Foundation by Foundations in its accessible link name","implemented"
"59","funding.html","fund-card-title-30","Include variety.org in searchable provider keywords","implemented"
"60","funding.html","fund-card-title-30","Distinguish Variety – The Children’s Charity by Foundations in its accessible link name","implemented"
"61","funding.html","fund-card-title-31","Include victoriasvictory.org in searchable provider keywords","implemented"
"62","funding.html","fund-card-title-31","Distinguish Victoria’s Victory by Foundations in its accessible link name","implemented"
"63","funding.html","fund-card-title-32","Include walkingwithanthony.org in searchable provider keywords","implemented"
"64","funding.html","fund-card-title-32","Distinguish Walking With Anthony by Foundations in its accessible link name","implemented"
"65","funding.html","fund-card-title-33","Include wheeltowalk.com in searchable provider keywords","implemented"
"66","funding.html","fund-card-title-33","Distinguish Wheel 2 Walk Foundation by Foundations in its accessible link name","implemented"
"67","funding.html","fund-card-title-34","Include wheelchairs4kids.org in searchable provider keywords","implemented"
"68","funding.html","fund-card-title-34","Distinguish Wheelchairs 4 Kids by Foundations in its accessible link name","implemented"
"69","funding.html","fund-card-title-35","Include lgoaftertbi.com in searchable provider keywords","implemented"
"70","funding.html","fund-card-title-35","Distinguish Life Goes On After TBI by Foundations in its accessible link name","implemented"
"71","funding.html","fund-card-title-36","Include msfocus.org in searchable provider keywords","implemented"
"72","funding.html","fund-card-title-36","Distinguish MS Focus Assistive Technology Program by Foundations in its accessible link name","implemented"
"73","funding.html","fund-card-title-37","Include rehab.alabama.gov in searchable provider keywords","implemented"
"74","funding.html","fund-card-title-37","Distinguish Head &amp; SCI Program by State programs in its accessible link name","implemented"
"75","funding.html","fund-card-title-38","Include mindsourcecolorado.org in searchable provider keywords","implemented"
"76","funding.html","fund-card-title-38","Distinguish TBI Trust fund by State programs in its accessible link name","implemented"
"77","funding.html","fund-card-title-39","Include biact.org in searchable provider keywords","implemented"
"78","funding.html","fund-card-title-39","Distinguish Brain Injury Alliance by State programs in its accessible link name","implemented"
"79","funding.html","fund-card-title-40","Include scpd.delaware.gov in searchable provider keywords","implemented"
"80","funding.html","fund-card-title-40","Distinguish TBI Fund by State programs in its accessible link name","implemented"
"81","funding.html","fund-card-title-41","Include floridahealth.gov in searchable provider keywords","implemented"
"82","funding.html","fund-card-title-41","Distinguish Brain &amp; SCI Fund by State programs in its accessible link name","implemented"
"83","funding.html","fund-card-title-42","Include bsitf.georgia.gov in searchable provider keywords","implemented"
"84","funding.html","fund-card-title-42","Distinguish Brain &amp; SCI Trust Fund by State programs in its accessible link name","implemented"
"85","funding.html","fund-card-title-43","Include health.hawaii.gov in searchable provider keywords","implemented"
"86","funding.html","fund-card-title-43","Distinguish Neurotrauma Program by State programs in its accessible link name","implemented"
"87","funding.html","fund-card-title-44","Include chfs.ky.gov in searchable provider keywords","implemented"
"88","funding.html","fund-card-title-44","Distinguish Traumatic Injury Trust Fund by State programs in its accessible link name","implemented"
"89","funding.html","fund-card-title-45","Include ldh.la.gov in searchable provider keywords","implemented"
"90","funding.html","fund-card-title-45","Distinguish Traumatic Head &amp; SCI Fund by State programs in its accessible link name","implemented"
"91","funding.html","fund-card-title-46","Include maine.gov in searchable provider keywords","implemented"
"92","funding.html","fund-card-title-46","Distinguish Brain Injury Waiver by State programs in its accessible link name","implemented"
"93","funding.html","fund-card-title-47","Include mass.gov in searchable provider keywords","implemented"
"94","funding.html","fund-card-title-47","Distinguish Spinal Cord Injury Program by State programs in its accessible link name","implemented"
"95","funding.html","fund-card-title-48","Include mdrs.ms.gov in searchable provider keywords","implemented"
"96","funding.html","fund-card-title-48","Distinguish TBI/SCI Trust Fund by State programs in its accessible link name","implemented"
"97","funding.html","fund-card-title-49","Include braininjurymn.org in searchable provider keywords","implemented"
"98","funding.html","fund-card-title-49","Distinguish Brain Injury Alliance by State programs in its accessible link name","implemented"
"99","funding.html","fund-card-title-50","Include health.mo.gov in searchable provider keywords","implemented"
"100","funding.html","fund-card-title-50","Distinguish TBI Fund by State programs in its accessible link name","implemented"
"101","funding.html","fund-card-title-51","Include biamt.org in searchable provider keywords","implemented"
"102","funding.html","fund-card-title-51","Distinguish Brain Injury Alliance by State programs in its accessible link name","implemented"
"103","funding.html","fund-card-title-52","Include nj.gov in searchable provider keywords","implemented"
"104","funding.html","fund-card-title-52","Distinguish TBI Fund by State programs in its accessible link name","implemented"
"105","funding.html","fund-card-title-53","Include ndbin.org in searchable provider keywords","implemented"
"106","funding.html","fund-card-title-53","Distinguish Brain Injury Network by State programs in its accessible link name","implemented"
"107","funding.html","fund-card-title-54","Include biausa.org in searchable provider keywords","implemented"
"108","funding.html","fund-card-title-54","Distinguish Brain Injury Alliance by State programs in its accessible link name","implemented"
"109","funding.html","fund-card-title-55","Include health.pa.gov in searchable provider keywords","implemented"
"110","funding.html","fund-card-title-55","Distinguish Head Injury Program by State programs in its accessible link name","implemented"
"111","funding.html","fund-card-title-56","Include braininjurysd.org in searchable provider keywords","implemented"
"112","funding.html","fund-card-title-56","Distinguish Brain Injury Alliance by State programs in its accessible link name","implemented"
"113","funding.html","fund-card-title-57","Include biausa.org in searchable provider keywords","implemented"
"114","funding.html","fund-card-title-57","Distinguish Brain Injury Association by State programs in its accessible link name","implemented"
"115","funding.html","fund-card-title-58","Include dshs.wa.gov in searchable provider keywords","implemented"
"116","funding.html","fund-card-title-58","Distinguish TBI Fund by State programs in its accessible link name","implemented"
"117","funding.html","fund-card-title-59","Include tbi.cedwvu.org in searchable provider keywords","implemented"
"118","funding.html","fund-card-title-59","Distinguish TBI Funds for You by State programs in its accessible link name","implemented"
"119","funding.html","fund-card-title-60","Include garysinisefoundation.org in searchable provider keywords","implemented"
"120","funding.html","fund-card-title-60","Distinguish Gary Sinise Foundation by Foundations in its accessible link name","implemented"
"121","funding.html","fund-card-title-61","Include dcu.org in searchable provider keywords","implemented"
"122","funding.html","fund-card-title-61","Distinguish Digital Credit Union Access Loan by Loans &amp; financing in its accessible link name","implemented"
"123","funding.html","fund-card-title-62","Include loannow.com in searchable provider keywords","implemented"
"124","funding.html","fund-card-title-62","Distinguish LoanNow Personal Loan for People with Disability by Loans &amp; financing in its accessible link name","implemented"
"125","funding.html","fund-card-title-63","Include panfoundation.org in searchable provider keywords","implemented"
"126","funding.html","fund-card-title-63","Distinguish PAN Foundation by Loans &amp; financing in its accessible link name","implemented"
"127","funding.html","fund-card-title-64","Include sdfalabama.com in searchable provider keywords","implemented"
"128","funding.html","fund-card-title-64","Distinguish Ability Loan Program by Loans &amp; financing in its accessible link name","implemented"
"129","funding.html","fund-card-title-65","Include labor.alaska.gov in searchable provider keywords","implemented"
"130","funding.html","fund-card-title-65","Distinguish Assistive Technology Loan Fund by Loans &amp; financing in its accessible link name","implemented"
"131","funding.html","fund-card-title-66","Include aztap.org in searchable provider keywords","implemented"
"132","funding.html","fund-card-title-66","Distinguish Arizona Loan$ for Assistive Technology by Loans &amp; financing in its accessible link name","implemented"
"133","funding.html","fund-card-title-67","Include ar-ican.org in searchable provider keywords","implemented"
"134","funding.html","fund-card-title-67","Distinguish Alternative Financing Program by Loans &amp; financing in its accessible link name","implemented"
"135","funding.html","fund-card-title-68","Include freedomtech.org in searchable provider keywords","implemented"
"136","funding.html","fund-card-title-68","Distinguish FreedomTech Financial Loan Program by Loans &amp; financing in its accessible link name","implemented"
"137","funding.html","fund-card-title-69","Include ucdenver.edu in searchable provider keywords","implemented"
"138","funding.html","fund-card-title-69","Distinguish Assistive Technology Funding Sources by Loans &amp; financing in its accessible link name","implemented"
"139","funding.html","fund-card-title-70","Include cttechact.com in searchable provider keywords","implemented"
"140","funding.html","fund-card-title-70","Distinguish Connecticut Assistive Technology Loan Program by Loans &amp; financing in its accessible link name","implemented"
"141","funding.html","fund-card-title-71","Include easterseals.com in searchable provider keywords","implemented"
"142","funding.html","fund-card-title-71","Distinguish Easterseals Delaware Low-Interest Loans for More Accessible Living by Loans &amp; financing in its accessible link name","implemented"
"143","funding.html","fund-card-title-72","Include faast.org in searchable provider keywords","implemented"
"144","funding.html","fund-card-title-72","Distinguish FAAST Loan Program by Loans &amp; financing in its accessible link name","implemented"
"145","funding.html","fund-card-title-73","Include findhelp.org in searchable provider keywords","implemented"
"146","funding.html","fund-card-title-73","Distinguish ATRC Loan Program by Loans &amp; financing in its accessible link name","implemented"
"147","funding.html","fund-card-title-74","Include idahoat.org in searchable provider keywords","implemented"
"148","funding.html","fund-card-title-74","Distinguish Idaho Assistive Technology Financing Program by Loans &amp; financing in its accessible link name","implemented"
"149","funding.html","fund-card-title-75","Include eastersealstech.com in searchable provider keywords","implemented"
"150","funding.html","fund-card-title-75","Distinguish INDATA Alternative Financing Program by Loans &amp; financing in its accessible link name","implemented"
"151","funding.html","fund-card-title-76","Include iowaable.org in searchable provider keywords","implemented"
"152","funding.html","fund-card-title-76","Distinguish Iowa Able Alternative Financing Program by Loans &amp; financing in its accessible link name","implemented"
"153","funding.html","fund-card-title-77","Include k-loan.net in searchable provider keywords","implemented"
"154","funding.html","fund-card-title-77","Distinguish K-Loan Alternative Financing Program by Loans &amp; financing in its accessible link name","implemented"
"155","funding.html","fund-card-title-78","Include katlc.ky.gov in searchable provider keywords","implemented"
"156","funding.html","fund-card-title-78","Distinguish Kentucky Assistive Technology Loan Corporation by Loans &amp; financing in its accessible link name","implemented"
"157","funding.html","fund-card-title-79","Include latan.org in searchable provider keywords","implemented"
"158","funding.html","fund-card-title-79","Distinguish LATAN Alternative Financing Program by Loans &amp; financing in its accessible link name","implemented"
"159","funding.html","fund-card-title-80","Include mpowerloans.org in searchable provider keywords","implemented"
"160","funding.html","fund-card-title-80","Distinguish mPower Loan Program by Loans &amp; financing in its accessible link name","implemented"
"161","funding.html","fund-card-title-81","Include mdod.maryland.gov in searchable provider keywords","implemented"
"162","funding.html","fund-card-title-81","Distinguish Maryland Assistive Technology Loan Program by Loans &amp; financing in its accessible link name","implemented"
"163","funding.html","fund-card-title-82","Include easterseals.com in searchable provider keywords","implemented"
"164","funding.html","fund-card-title-82","Distinguish Massachusetts Assistive Technology Loan Program by Loans &amp; financing in its accessible link name","implemented"
"165","funding.html","fund-card-title-83","Include matlf.org in searchable provider keywords","implemented"
"166","funding.html","fund-card-title-83","Distinguish Michigan Assistive Technology Loan Fund by Loans &amp; financing in its accessible link name","implemented"
"167","funding.html","fund-card-title-84","Include at.mo.gov in searchable provider keywords","implemented"
"168","funding.html","fund-card-title-84","Distinguish Missouri Show Me Loans by Loans &amp; financing in its accessible link name","implemented"
"169","funding.html","fund-card-title-85","Include matl.ruraldynamics.org in searchable provider keywords","implemented"
"170","funding.html","fund-card-title-85","Distinguish MonTECH Financial Loan Program by Loans &amp; financing in its accessible link name","implemented"
"171","funding.html","fund-card-title-86","Include easterseals.com in searchable provider keywords","implemented"
"172","funding.html","fund-card-title-86","Distinguish Easterseals Nebraska Alternative Financing Solutions by Loans &amp; financing in its accessible link name","implemented"
"173","funding.html","fund-card-title-87","Include carechest.org in searchable provider keywords","implemented"
"174","funding.html","fund-card-title-87","Distinguish CARE Chest CARE Loan Program by Loans &amp; financing in its accessible link name","implemented"
"175","funding.html","fund-card-title-88","Include nationaldisabilityinstitute.org in searchable provider keywords","implemented"
"176","funding.html","fund-card-title-88","Distinguish Assistive Technology Loan Program by Loans &amp; financing in its accessible link name","implemented"
"177","funding.html","fund-card-title-89","Include ncdhhs.gov in searchable provider keywords","implemented"
"178","funding.html","fund-card-title-89","Distinguish Self-Help Credit Union Assistive Technology Financing by Loans &amp; financing in its accessible link name","implemented"
"179","funding.html","fund-card-title-90","Include ndassistive.org in searchable provider keywords","implemented"
"180","funding.html","fund-card-title-90","Distinguish North Dakota Alternative Financial Loan Program by Loans &amp; financing in its accessible link name","implemented"
"181","funding.html","fund-card-title-91","Include okabletech.org in searchable provider keywords","implemented"
"182","funding.html","fund-card-title-91","Distinguish Oklahoma Alternative Financing Program by Loans &amp; financing in its accessible link name","implemented"
"183","funding.html","fund-card-title-92","Include nwaccessfund.org in searchable provider keywords","implemented"
"184","funding.html","fund-card-title-92","Distinguish Northwest Access Fund by Loans &amp; financing in its accessible link name","implemented"
"185","funding.html","fund-card-title-93","Include patf.us in searchable provider keywords","implemented"
"186","funding.html","fund-card-title-93","Distinguish PATF Assistive Technology Loan Program by Loans &amp; financing in its accessible link name","implemented"
"187","funding.html","fund-card-title-94","Include scatloans.org in searchable provider keywords","implemented"
"188","funding.html","fund-card-title-94","Distinguish South Carolina Assistive Technology Program by Loans &amp; financing in its accessible link name","implemented"
"189","funding.html","fund-card-title-95","Include idrpp.usu.edu in searchable provider keywords","implemented"
"190","funding.html","fund-card-title-95","Distinguish Utah Assistive Technology Loans by Loans &amp; financing in its accessible link name","implemented"
"191","funding.html","fund-card-title-96","Include greenmountaincu.com in searchable provider keywords","implemented"
"192","funding.html","fund-card-title-96","Distinguish Green Mountain Credit Union Independence Fund by Loans &amp; financing in its accessible link name","implemented"
"193","funding.html","fund-card-title-97","Include atlfa.org in searchable provider keywords","implemented"
"194","funding.html","fund-card-title-97","Distinguish Assistive Technology Loan Fund Authority by Loans &amp; financing in its accessible link name","implemented"
"195","funding.html","fund-card-title-98","Include atpdc.org in searchable provider keywords","implemented"
"196","funding.html","fund-card-title-98","Distinguish DC Fund$ by Loans &amp; financing in its accessible link name","implemented"
"197","funding.html","fund-card-title-99","Include dhs.wisconsin.gov in searchable provider keywords","implemented"
"198","funding.html","fund-card-title-99","Distinguish WisTech by Loans &amp; financing in its accessible link name","implemented"
"199","funding.html","fund-card-title-100","Include uwyo.edu in searchable provider keywords","implemented"
"200","funding.html","fund-card-title-100","Distinguish Wyoming Technology Access Program by Loans &amp; financing in its accessible link name","implemented"
"201","funding.html","fund-card-title-101","Include acvcc.alabama.gov in searchable provider keywords","implemented"
"202","funding.html","fund-card-title-101","Distinguish Alabama by Crime compensation in its accessible link name","implemented"
"203","funding.html","fund-card-title-102","Include dps.alaska.gov in searchable provider keywords","implemented"
"204","funding.html","fund-card-title-102","Distinguish Alaska by Crime compensation in its accessible link name","implemented"
"205","funding.html","fund-card-title-103","Include azcjc.gov in searchable provider keywords","implemented"
"206","funding.html","fund-card-title-103","Distinguish Arizona by Crime compensation in its accessible link name","implemented"
"207","funding.html","fund-card-title-104","Include dps.arkansas.gov in searchable provider keywords","implemented"
"208","funding.html","fund-card-title-104","Distinguish Arkansas by Crime compensation in its accessible link name","implemented"
"209","funding.html","fund-card-title-105","Include victims.ca.gov in searchable provider keywords","implemented"
"210","funding.html","fund-card-title-105","Distinguish California by Crime compensation in its accessible link name","implemented"
"211","funding.html","fund-card-title-106","Include dcj.colorado.gov in searchable provider keywords","implemented"
"212","funding.html","fund-card-title-106","Distinguish Colorado by Crime compensation in its accessible link name","implemented"
"213","funding.html","fund-card-title-107","Include jud.ct.gov in searchable provider keywords","implemented"
"214","funding.html","fund-card-title-107","Distinguish Connecticut by Crime compensation in its accessible link name","implemented"
"215","funding.html","fund-card-title-108","Include attorneygeneral.delaware.gov in searchable provider keywords","implemented"
"216","funding.html","fund-card-title-108","Distinguish Delaware by Crime compensation in its accessible link name","implemented"
"217","funding.html","fund-card-title-109","Include dccourts.gov in searchable provider keywords","implemented"
"218","funding.html","fund-card-title-109","Distinguish District of Columbia by Crime compensation in its accessible link name","implemented"
"219","funding.html","fund-card-title-110","Include myfloridalegal.com in searchable provider keywords","implemented"
"220","funding.html","fund-card-title-110","Distinguish Florida by Crime compensation in its accessible link name","implemented"
"221","funding.html","fund-card-title-111","Include cjcc.georgia.gov in searchable provider keywords","implemented"
"222","funding.html","fund-card-title-111","Distinguish Georgia by Crime compensation in its accessible link name","implemented"
"223","funding.html","fund-card-title-112","Include dps.hawaii.gov in searchable provider keywords","implemented"
"224","funding.html","fund-card-title-112","Distinguish Hawaii by Crime compensation in its accessible link name","implemented"
"225","funding.html","fund-card-title-113","Include crimevictimcomp.idaho.gov in searchable provider keywords","implemented"
"226","funding.html","fund-card-title-113","Distinguish Idaho by Crime compensation in its accessible link name","implemented"
"227","funding.html","fund-card-title-114","Include illinoisattorneygeneral.gov in searchable provider keywords","implemented"
"228","funding.html","fund-card-title-114","Distinguish Illinois by Crime compensation in its accessible link name","implemented"
"229","funding.html","fund-card-title-115","Include in.gov in searchable provider keywords","implemented"
"230","funding.html","fund-card-title-115","Distinguish Indiana by Crime compensation in its accessible link name","implemented"
"231","funding.html","fund-card-title-116","Include iowaattorneygeneral.gov in searchable provider keywords","implemented"
"232","funding.html","fund-card-title-116","Distinguish Iowa by Crime compensation in its accessible link name","implemented"
"233","funding.html","fund-card-title-117","Include ag.ks.gov in searchable provider keywords","implemented"
"234","funding.html","fund-card-title-117","Distinguish Kansas by Crime compensation in its accessible link name","implemented"
"235","funding.html","fund-card-title-118","Include kycc.ky.gov in searchable provider keywords","implemented"
"236","funding.html","fund-card-title-118","Distinguish Kentucky by Crime compensation in its accessible link name","implemented"
"237","funding.html","fund-card-title-119","Include ovc.ojp.gov in searchable provider keywords","implemented"
"238","funding.html","fund-card-title-119","Distinguish Louisiana by Crime compensation in its accessible link name","implemented"
"239","funding.html","fund-card-title-120","Include maine.gov in searchable provider keywords","implemented"
"240","funding.html","fund-card-title-120","Distinguish Maine by Crime compensation in its accessible link name","implemented"
"241","funding.html","fund-card-title-121","Include goccp.maryland.gov in searchable provider keywords","implemented"
"242","funding.html","fund-card-title-121","Distinguish Maryland by Crime compensation in its accessible link name","implemented"
"243","funding.html","fund-card-title-122","Include mass.gov in searchable provider keywords","implemented"
"244","funding.html","fund-card-title-122","Distinguish Massachusetts by Crime compensation in its accessible link name","implemented"
"245","funding.html","fund-card-title-123","Include michigan.gov in searchable provider keywords","implemented"
"246","funding.html","fund-card-title-123","Distinguish Michigan by Crime compensation in its accessible link name","implemented"
"247","funding.html","fund-card-title-124","Include dps.mn.gov in searchable provider keywords","implemented"
"248","funding.html","fund-card-title-124","Distinguish Minnesota by Crime compensation in its accessible link name","implemented"
"249","funding.html","fund-card-title-125","Include ms.gov in searchable provider keywords","implemented"
"250","funding.html","fund-card-title-125","Distinguish Mississippi by Crime compensation in its accessible link name","implemented"
"251","funding.html","fund-card-title-126","Include dps.mo.gov in searchable provider keywords","implemented"
"252","funding.html","fund-card-title-126","Distinguish Missouri by Crime compensation in its accessible link name","implemented"
"253","funding.html","fund-card-title-127","Include dojmt.gov in searchable provider keywords","implemented"
"254","funding.html","fund-card-title-127","Distinguish Montana by Crime compensation in its accessible link name","implemented"
"255","funding.html","fund-card-title-128","Include ncc.nebraska.gov in searchable provider keywords","implemented"
"256","funding.html","fund-card-title-128","Distinguish Nebraska by Crime compensation in its accessible link name","implemented"
"257","funding.html","fund-card-title-129","Include voc.nv.gov in searchable provider keywords","implemented"
"258","funding.html","fund-card-title-129","Distinguish Nevada by Crime compensation in its accessible link name","implemented"
"259","funding.html","fund-card-title-130","Include doj.nh.gov in searchable provider keywords","implemented"
"260","funding.html","fund-card-title-130","Distinguish New Hampshire by Crime compensation in its accessible link name","implemented"
"261","funding.html","fund-card-title-131","Include njoag.gov in searchable provider keywords","implemented"
"262","funding.html","fund-card-title-131","Distinguish New Jersey by Crime compensation in its accessible link name","implemented"
"263","funding.html","fund-card-title-132","Include cvrc.state.nm.us in searchable provider keywords","implemented"
"264","funding.html","fund-card-title-132","Distinguish New Mexico by Crime compensation in its accessible link name","implemented"
"265","funding.html","fund-card-title-133","Include ovs.ny.gov in searchable provider keywords","implemented"
"266","funding.html","fund-card-title-133","Distinguish New York by Crime compensation in its accessible link name","implemented"
"267","funding.html","fund-card-title-134","Include ncdps.gov in searchable provider keywords","implemented"
"268","funding.html","fund-card-title-134","Distinguish North Carolina by Crime compensation in its accessible link name","implemented"
"269","funding.html","fund-card-title-135","Include docr.nd.gov in searchable provider keywords","implemented"
"270","funding.html","fund-card-title-135","Distinguish North Dakota by Crime compensation in its accessible link name","implemented"
"271","funding.html","fund-card-title-136","Include ohioattorneygeneral.gov in searchable provider keywords","implemented"
"272","funding.html","fund-card-title-136","Distinguish Ohio by Crime compensation in its accessible link name","implemented"
"273","funding.html","fund-card-title-137","Include okvictimscomp.com in searchable provider keywords","implemented"
"274","funding.html","fund-card-title-137","Distinguish Oklahoma by Crime compensation in its accessible link name","implemented"
"275","funding.html","fund-card-title-138","Include doj.state.or.us in searchable provider keywords","implemented"
"276","funding.html","fund-card-title-138","Distinguish Oregon by Crime compensation in its accessible link name","implemented"
"277","funding.html","fund-card-title-139","Include pccd.pa.gov in searchable provider keywords","implemented"
"278","funding.html","fund-card-title-139","Distinguish Pennsylvania by Crime compensation in its accessible link name","implemented"
"279","funding.html","fund-card-title-140","Include treasury.ri.gov in searchable provider keywords","implemented"
"280","funding.html","fund-card-title-140","Distinguish Rhode Island by Crime compensation in its accessible link name","implemented"
"281","funding.html","fund-card-title-141","Include scag.gov in searchable provider keywords","implemented"
"282","funding.html","fund-card-title-141","Distinguish South Carolina by Crime compensation in its accessible link name","implemented"
"283","funding.html","fund-card-title-142","Include dps.sd.gov in searchable provider keywords","implemented"
"284","funding.html","fund-card-title-142","Distinguish South Dakota by Crime compensation in its accessible link name","implemented"
"285","funding.html","fund-card-title-143","Include treasury.tn.gov in searchable provider keywords","implemented"
"286","funding.html","fund-card-title-143","Distinguish Tennessee by Crime compensation in its accessible link name","implemented"
"287","funding.html","fund-card-title-144","Include texasattorneygeneral.gov in searchable provider keywords","implemented"
"288","funding.html","fund-card-title-144","Distinguish Texas by Crime compensation in its accessible link name","implemented"
"289","funding.html","fund-card-title-145","Include crimevictim.utah.gov in searchable provider keywords","implemented"
"290","funding.html","fund-card-title-145","Distinguish Utah by Crime compensation in its accessible link name","implemented"
"291","funding.html","fund-card-title-146","Include ccvs.vermont.gov in searchable provider keywords","implemented"
"292","funding.html","fund-card-title-146","Distinguish Vermont by Crime compensation in its accessible link name","implemented"
"293","funding.html","fund-card-title-147","Include virginiavictimsfund.org in searchable provider keywords","implemented"
"294","funding.html","fund-card-title-147","Distinguish Virginia by Crime compensation in its accessible link name","implemented"
"295","funding.html","fund-card-title-148","Include justice.gov in searchable provider keywords","implemented"
"296","funding.html","fund-card-title-148","Distinguish Washington by Crime compensation in its accessible link name","implemented"
"297","funding.html","fund-card-title-149","Include wvlegislature.gov in searchable provider keywords","implemented"
"298","funding.html","fund-card-title-149","Distinguish West Virginia by Crime compensation in its accessible link name","implemented"
"299","funding.html","fund-card-title-150","Include doj.state.wi.us in searchable provider keywords","implemented"
"300","funding.html","fund-card-title-150","Distinguish Wisconsin by Crime compensation in its accessible link name","implemented"
"301","funding.html","fund-card-title-151","Include dvs.wyo.gov in searchable provider keywords","implemented"
"302","funding.html","fund-card-title-151","Distinguish Wyoming by Crime compensation in its accessible link name","implemented"
"303","funding.html","fund-card-title-152","Include rehab.alabama.gov in searchable provider keywords","implemented"
"304","funding.html","fund-card-title-152","Distinguish Alabama by Vocational rehabilitation in its accessible link name","implemented"
"305","funding.html","fund-card-title-153","Include labor.alaska.gov in searchable provider keywords","implemented"
"306","funding.html","fund-card-title-153","Distinguish Alaska by Vocational rehabilitation in its accessible link name","implemented"
"307","funding.html","fund-card-title-154","Include des.az.gov in searchable provider keywords","implemented"
"308","funding.html","fund-card-title-154","Distinguish Arizona by Vocational rehabilitation in its accessible link name","implemented"
"309","funding.html","fund-card-title-155","Include dws.arkansas.gov in searchable provider keywords","implemented"
"310","funding.html","fund-card-title-155","Distinguish Arkansas by Vocational rehabilitation in its accessible link name","implemented"
"311","funding.html","fund-card-title-156","Include dor.ca.gov in searchable provider keywords","implemented"
"312","funding.html","fund-card-title-156","Distinguish California by Vocational rehabilitation in its accessible link name","implemented"
"313","funding.html","fund-card-title-157","Include dvr.colorado.gov in searchable provider keywords","implemented"
"314","funding.html","fund-card-title-157","Distinguish Colorado by Vocational rehabilitation in its accessible link name","implemented"
"315","funding.html","fund-card-title-158","Include portal.ct.gov in searchable provider keywords","implemented"
"316","funding.html","fund-card-title-158","Distinguish Connecticut by Vocational rehabilitation in its accessible link name","implemented"
"317","funding.html","fund-card-title-159","Include labor.delaware.gov in searchable provider keywords","implemented"
"318","funding.html","fund-card-title-159","Distinguish Delaware by Vocational rehabilitation in its accessible link name","implemented"
"319","funding.html","fund-card-title-160","Include dds.dc.gov in searchable provider keywords","implemented"
"320","funding.html","fund-card-title-160","Distinguish District of Columbia by Vocational rehabilitation in its accessible link name","implemented"
"321","funding.html","fund-card-title-161","Include rehabworks.org in searchable provider keywords","implemented"
"322","funding.html","fund-card-title-161","Distinguish Florida by Vocational rehabilitation in its accessible link name","implemented"
"323","funding.html","fund-card-title-162","Include gvs.georgia.gov in searchable provider keywords","implemented"
"324","funding.html","fund-card-title-162","Distinguish Georgia by Vocational rehabilitation in its accessible link name","implemented"
"325","funding.html","fund-card-title-163","Include humanservices.hawaii.gov in searchable provider keywords","implemented"
"326","funding.html","fund-card-title-163","Distinguish Hawaii by Vocational rehabilitation in its accessible link name","implemented"
"327","funding.html","fund-card-title-164","Include vr.idaho.gov in searchable provider keywords","implemented"
"328","funding.html","fund-card-title-164","Distinguish Idaho by Vocational rehabilitation in its accessible link name","implemented"
"329","funding.html","fund-card-title-165","Include dhs.state.il.us in searchable provider keywords","implemented"
"330","funding.html","fund-card-title-165","Distinguish Illinois by Vocational rehabilitation in its accessible link name","implemented"
"331","funding.html","fund-card-title-166","Include in.gov in searchable provider keywords","implemented"
"332","funding.html","fund-card-title-166","Distinguish Indiana by Vocational rehabilitation in its accessible link name","implemented"
"333","funding.html","fund-card-title-167","Include ivrs.iowa.gov in searchable provider keywords","implemented"
"334","funding.html","fund-card-title-167","Distinguish Iowa by Vocational rehabilitation in its accessible link name","implemented"
"335","funding.html","fund-card-title-168","Include dcf.ks.gov in searchable provider keywords","implemented"
"336","funding.html","fund-card-title-168","Distinguish Kansas by Vocational rehabilitation in its accessible link name","implemented"
"337","funding.html","fund-card-title-169","Include kcc.ky.gov in searchable provider keywords","implemented"
"338","funding.html","fund-card-title-169","Distinguish Kentucky by Vocational rehabilitation in its accessible link name","implemented"
"339","funding.html","fund-card-title-170","Include laworks.net in searchable provider keywords","implemented"
"340","funding.html","fund-card-title-170","Distinguish Louisiana by Vocational rehabilitation in its accessible link name","implemented"
"341","funding.html","fund-card-title-171","Include maine.gov in searchable provider keywords","implemented"
"342","funding.html","fund-card-title-171","Distinguish Maine by Vocational rehabilitation in its accessible link name","implemented"
"343","funding.html","fund-card-title-172","Include dors.maryland.gov in searchable provider keywords","implemented"
"344","funding.html","fund-card-title-172","Distinguish Maryland by Vocational rehabilitation in its accessible link name","implemented"
"345","funding.html","fund-card-title-173","Include mass.gov in searchable provider keywords","implemented"
"346","funding.html","fund-card-title-173","Distinguish Massachusetts by Vocational rehabilitation in its accessible link name","implemented"
"347","funding.html","fund-card-title-174","Include michigan.gov in searchable provider keywords","implemented"
"348","funding.html","fund-card-title-174","Distinguish Michigan by Vocational rehabilitation in its accessible link name","implemented"
"349","funding.html","fund-card-title-175","Include mn.gov in searchable provider keywords","implemented"
"350","funding.html","fund-card-title-175","Distinguish Minnesota by Vocational rehabilitation in its accessible link name","implemented"
"351","funding.html","fund-card-title-176","Include mdrs.ms.gov in searchable provider keywords","implemented"
"352","funding.html","fund-card-title-176","Distinguish Mississippi by Vocational rehabilitation in its accessible link name","implemented"
"353","funding.html","fund-card-title-177","Include dese.mo.gov in searchable provider keywords","implemented"
"354","funding.html","fund-card-title-177","Distinguish Missouri by Vocational rehabilitation in its accessible link name","implemented"
"355","funding.html","fund-card-title-178","Include dphhs.mt.gov in searchable provider keywords","implemented"
"356","funding.html","fund-card-title-178","Distinguish Montana by Vocational rehabilitation in its accessible link name","implemented"
"357","funding.html","fund-card-title-179","Include vr.nebraska.gov in searchable provider keywords","implemented"
"358","funding.html","fund-card-title-179","Distinguish Nebraska by Vocational rehabilitation in its accessible link name","implemented"
"359","funding.html","fund-card-title-180","Include detr.nv.gov in searchable provider keywords","implemented"
"360","funding.html","fund-card-title-180","Distinguish Nevada by Vocational rehabilitation in its accessible link name","implemented"
"361","funding.html","fund-card-title-181","Include education.nh.gov in searchable provider keywords","implemented"
"362","funding.html","fund-card-title-181","Distinguish New Hampshire by Vocational rehabilitation in its accessible link name","implemented"
"363","funding.html","fund-card-title-182","Include nj.gov in searchable provider keywords","implemented"
"364","funding.html","fund-card-title-182","Distinguish New Jersey by Vocational rehabilitation in its accessible link name","implemented"
"365","funding.html","fund-card-title-183","Include dvr.state.nm.us in searchable provider keywords","implemented"
"366","funding.html","fund-card-title-183","Distinguish New Mexico by Vocational rehabilitation in its accessible link name","implemented"
"367","funding.html","fund-card-title-184","Include acces.nysed.gov in searchable provider keywords","implemented"
"368","funding.html","fund-card-title-184","Distinguish New York by Vocational rehabilitation in its accessible link name","implemented"
"369","funding.html","fund-card-title-185","Include ncdhhs.gov in searchable provider keywords","implemented"
"370","funding.html","fund-card-title-185","Distinguish North Carolina by Vocational rehabilitation in its accessible link name","implemented"
"371","funding.html","fund-card-title-186","Include hhs.nd.gov in searchable provider keywords","implemented"
"372","funding.html","fund-card-title-186","Distinguish North Dakota by Vocational rehabilitation in its accessible link name","implemented"
"373","funding.html","fund-card-title-187","Include ood.ohio.gov in searchable provider keywords","implemented"
"374","funding.html","fund-card-title-187","Distinguish Ohio by Vocational rehabilitation in its accessible link name","implemented"
"375","funding.html","fund-card-title-188","Include oklahoma.gov in searchable provider keywords","implemented"
"376","funding.html","fund-card-title-188","Distinguish Oklahoma by Vocational rehabilitation in its accessible link name","implemented"
"377","funding.html","fund-card-title-189","Include oregon.gov in searchable provider keywords","implemented"
"378","funding.html","fund-card-title-189","Distinguish Oregon by Vocational rehabilitation in its accessible link name","implemented"
"379","funding.html","fund-card-title-190","Include dli.pa.gov in searchable provider keywords","implemented"
"380","funding.html","fund-card-title-190","Distinguish Pennsylvania by Vocational rehabilitation in its accessible link name","implemented"
"381","funding.html","fund-card-title-191","Include ors.ri.gov in searchable provider keywords","implemented"
"382","funding.html","fund-card-title-191","Distinguish Rhode Island by Vocational rehabilitation in its accessible link name","implemented"
"383","funding.html","fund-card-title-192","Include scvrd.net in searchable provider keywords","implemented"
"384","funding.html","fund-card-title-192","Distinguish South Carolina by Vocational rehabilitation in its accessible link name","implemented"
"385","funding.html","fund-card-title-193","Include dhs.sd.gov in searchable provider keywords","implemented"
"386","funding.html","fund-card-title-193","Distinguish South Dakota by Vocational rehabilitation in its accessible link name","implemented"
"387","funding.html","fund-card-title-194","Include tn.gov in searchable provider keywords","implemented"
"388","funding.html","fund-card-title-194","Distinguish Tennessee by Vocational rehabilitation in its accessible link name","implemented"
"389","funding.html","fund-card-title-195","Include hhs.texas.gov in searchable provider keywords","implemented"
"390","funding.html","fund-card-title-195","Distinguish Texas by Vocational rehabilitation in its accessible link name","implemented"
"391","funding.html","fund-card-title-196","Include jobs.utah.gov in searchable provider keywords","implemented"
"392","funding.html","fund-card-title-196","Distinguish Utah by Vocational rehabilitation in its accessible link name","implemented"
"393","funding.html","fund-card-title-197","Include vocrehab.vermont.gov in searchable provider keywords","implemented"
"394","funding.html","fund-card-title-197","Distinguish Vermont by Vocational rehabilitation in its accessible link name","implemented"
"395","funding.html","fund-card-title-198","Include dars.virginia.gov in searchable provider keywords","implemented"
"396","funding.html","fund-card-title-198","Distinguish Virginia by Vocational rehabilitation in its accessible link name","implemented"
"397","funding.html","fund-card-title-199","Include dshs.wa.gov in searchable provider keywords","implemented"
"398","funding.html","fund-card-title-199","Distinguish Washington by Vocational rehabilitation in its accessible link name","implemented"
"399","funding.html","fund-card-title-200","Include wvdrs.org in searchable provider keywords","implemented"
"400","funding.html","fund-card-title-200","Distinguish West Virginia by Vocational rehabilitation in its accessible link name","implemented"
"401","funding.html","fund-card-title-201","Include dwd.wisconsin.gov in searchable provider keywords","implemented"
"402","funding.html","fund-card-title-201","Distinguish Wisconsin by Vocational rehabilitation in its accessible link name","implemented"
"403","funding.html","fund-card-title-202","Include dws.wyo.gov in searchable provider keywords","implemented"
"404","funding.html","fund-card-title-202","Distinguish Wyoming by Vocational rehabilitation in its accessible link name","implemented"
"405","funding.html","fund-card-title-203","Include helphopelive.org in searchable provider keywords","implemented"
"406","funding.html","fund-card-title-203","Distinguish Help Hope Live Catastrophic Injury Campaign by Fundraising in its accessible link name","implemented"
"407","funding.html","fund-card-title-204","Include gofundme.com in searchable provider keywords","implemented"
"408","funding.html","fund-card-title-204","Distinguish GoFundMe Medical Fundrasing by Fundraising in its accessible link name","implemented"
"409","index.html","#site-footer","Name the footer landmark for assistive technology","implemented"
"410","index.html",".skip-footer","Provide a keyboard shortcut to footer links and cookie settings","implemented"
"411","index.html","meta[name=""theme-color""]","Use the Rehabwheel teal browser theme","implemented"
"412","research.html","#site-footer","Name the footer landmark for assistive technology","implemented"
"413","research.html",".skip-footer","Provide a keyboard shortcut to footer links and cookie settings","implemented"
"414","research.html","meta[name=""theme-color""]","Use the Rehabwheel teal browser theme","implemented"
"415","research.html","meta[name=""color-scheme""]","Keep native browser controls consistent with the light page design","implemented"
"416","bylaws.html","#site-footer","Name the footer landmark for assistive technology","implemented"
"417","bylaws.html",".skip-footer","Provide a keyboard shortcut to footer links and cookie settings","implemented"
"418","bylaws.html","meta[name=""theme-color""]","Use the Rehabwheel teal browser theme","implemented"
"419","bylaws.html","meta[name=""color-scheme""]","Keep native browser controls consistent with the light page design","implemented"
"420","legmaker.html","#site-footer","Name the footer landmark for assistive technology","implemented"
"421","legmaker.html",".skip-footer","Provide a keyboard shortcut to footer links and cookie settings","implemented"
"422","legmaker.html","meta[name=""theme-color""]","Use the Rehabwheel teal browser theme","implemented"
"423","legmaker.html","meta[name=""color-scheme""]","Keep native browser controls consistent with the light page design","implemented"
"424","privacy.html","#site-footer","Name the footer landmark for assistive technology","implemented"
"425","privacy.html",".skip-footer","Provide a keyboard shortcut to footer links and cookie settings","implemented"
"426","privacy.html","meta[name=""theme-color""]","Use the Rehabwheel teal browser theme","implemented"
"427","privacy.html","meta[name=""color-scheme""]","Keep native browser controls consistent with the light page design","implemented"
"428","contact.html","#site-footer","Name the footer landmark for assistive technology","implemented"
"429","contact.html",".skip-footer","Provide a keyboard shortcut to footer links and cookie settings","implemented"
"430","contact.html","meta[name=""theme-color""]","Use the Rehabwheel teal browser theme","implemented"
"431","contact.html","meta[name=""color-scheme""]","Keep native browser controls consistent with the light page design","implemented"
"432","security.html","#site-footer","Name the footer landmark for assistive technology","implemented"
"433","security.html",".skip-footer","Provide a keyboard shortcut to footer links and cookie settings","implemented"
"434","security.html","meta[name=""theme-color""]","Use the Rehabwheel teal browser theme","implemented"
"435","security.html","meta[name=""color-scheme""]","Keep native browser controls consistent with the light page design","implemented"
"436","compare-legmaker-myocycle-rt300.html","#site-footer","Name the footer landmark for assistive technology","implemented"
"437","compare-legmaker-myocycle-rt300.html",".skip-footer","Provide a keyboard shortcut to footer links and cookie settings","implemented"
"438","compare-legmaker-myocycle-rt300.html","meta[name=""theme-color""]","Use the Rehabwheel teal browser theme","implemented"
"439","compare-legmaker-myocycle-rt300.html","meta[name=""color-scheme""]","Keep native browser controls consistent with the light page design","implemented"
"440","investors.html","#site-footer","Name the footer landmark for assistive technology","implemented"
"441","investors.html",".skip-footer","Provide a keyboard shortcut to footer links and cookie settings","implemented"
"442","investors.html","meta[name=""theme-color""]","Use the Rehabwheel teal browser theme","implemented"
"443","investors.html","meta[name=""color-scheme""]","Keep native browser controls consistent with the light page design","implemented"
"444","terms.html","#site-footer","Name the footer landmark for assistive technology","implemented"
"445","terms.html",".skip-footer","Provide a keyboard shortcut to footer links and cookie settings","implemented"
"446","terms.html","meta[name=""theme-color""]","Use the Rehabwheel teal browser theme","implemented"
"447","terms.html","meta[name=""color-scheme""]","Keep native browser controls consistent with the light page design","implemented"
"448","patents.html","#site-footer","Name the footer landmark for assistive technology","implemented"
"449","patents.html",".skip-footer","Provide a keyboard shortcut to footer links and cookie settings","implemented"
"450","patents.html","meta[name=""theme-color""]","Use the Rehabwheel teal browser theme","implemented"
"451","patents.html","meta[name=""color-scheme""]","Keep native browser controls consistent with the light page design","implemented"
"452","wheelchair-pedal-exercisers.html","#site-footer","Name the footer landmark for assistive technology","implemented"
"453","wheelchair-pedal-exercisers.html",".skip-footer","Provide a keyboard shortcut to footer links and cookie settings","implemented"
"454","wheelchair-pedal-exercisers.html","meta[name=""theme-color""]","Use the Rehabwheel teal browser theme","implemented"
"455","wheelchair-pedal-exercisers.html","meta[name=""color-scheme""]","Keep native browser controls consistent with the light page design","implemented"
"456","company.html","#site-footer","Name the footer landmark for assistive technology","implemented"
"457","company.html",".skip-footer","Provide a keyboard shortcut to footer links and cookie settings","implemented"
"458","company.html","meta[name=""theme-color""]","Use the Rehabwheel teal browser theme","implemented"
"459","company.html","meta[name=""color-scheme""]","Keep native browser controls consistent with the light page design","implemented"
"460","confidentiality.html","#site-footer","Name the footer landmark for assistive technology","implemented"
"461","confidentiality.html",".skip-footer","Provide a keyboard shortcut to footer links and cookie settings","implemented"
"462","confidentiality.html","meta[name=""theme-color""]","Use the Rehabwheel teal browser theme","implemented"
"463","confidentiality.html","meta[name=""color-scheme""]","Keep native browser controls consistent with the light page design","implemented"
"464","news.html","#site-footer","Name the footer landmark for assistive technology","implemented"
"465","news.html",".skip-footer","Provide a keyboard shortcut to footer links and cookie settings","implemented"
"466","news.html","meta[name=""theme-color""]","Use the Rehabwheel teal browser theme","implemented"
"467","news.html","meta[name=""color-scheme""]","Keep native browser controls consistent with the light page design","implemented"
"468","photos.html","#site-footer","Name the footer landmark for assistive technology","implemented"
"469","photos.html",".skip-footer","Provide a keyboard shortcut to footer links and cookie settings","implemented"
"470","photos.html","meta[name=""theme-color""]","Use the Rehabwheel teal browser theme","implemented"
"471","photos.html","meta[name=""color-scheme""]","Keep native browser controls consistent with the light page design","implemented"
"472","technology.html","#site-footer","Name the footer landmark for assistive technology","implemented"
"473","technology.html",".skip-footer","Provide a keyboard shortcut to footer links and cookie settings","implemented"
"474","technology.html","meta[name=""theme-color""]","Use the Rehabwheel teal browser theme","implemented"
"475","technology.html","meta[name=""color-scheme""]","Keep native browser controls consistent with the light page design","implemented"
"476","icons.html","#site-footer","Name the footer landmark for assistive technology","implemented"
"477","icons.html",".skip-footer","Provide a keyboard shortcut to footer links and cookie settings","implemented"
"478","icons.html","meta[name=""theme-color""]","Use the Rehabwheel teal browser theme","implemented"
"479","icons.html","meta[name=""color-scheme""]","Keep native browser controls consistent with the light page design","implemented"
"480","purchase-orders.html","#site-footer","Name the footer landmark for assistive technology","implemented"
"481","purchase-orders.html",".skip-footer","Provide a keyboard shortcut to footer links and cookie settings","implemented"
"482","purchase-orders.html","meta[name=""theme-color""]","Use the Rehabwheel teal browser theme","implemented"
"483","purchase-orders.html","meta[name=""color-scheme""]","Keep native browser controls consistent with the light page design","implemented"
"484","funding.html","#site-footer","Name the footer landmark for assistive technology","implemented"
"485","funding.html",".skip-footer","Provide a keyboard shortcut to footer links and cookie settings","implemented"
"486","funding.html","meta[name=""theme-color""]","Use the Rehabwheel teal browser theme","implemented"
"487","funding.html","meta[name=""color-scheme""]","Keep native browser controls consistent with the light page design","implemented"
"488","resources.html","#site-footer","Name the footer landmark for assistive technology","implemented"
"489","resources.html",".skip-footer","Provide a keyboard shortcut to footer links and cookie settings","implemented"
"490","resources.html","meta[name=""theme-color""]","Use the Rehabwheel teal browser theme","implemented"
"491","resources.html","meta[name=""color-scheme""]","Keep native browser controls consistent with the light page design","implemented"
"492","compliance.html","#site-footer","Name the footer landmark for assistive technology","implemented"
"493","compliance.html",".skip-footer","Provide a keyboard shortcut to footer links and cookie settings","implemented"
"494","compliance.html","meta[name=""theme-color""]","Use the Rehabwheel teal browser theme","implemented"
"495","compliance.html","meta[name=""color-scheme""]","Keep native browser controls consistent with the light page design","implemented"
"496","404.html","#site-footer","Name the footer landmark for assistive technology","implemented"
"497","404.html",".skip-footer","Provide a keyboard shortcut to footer links and cookie settings","implemented"
"498","404.html","meta[name=""theme-color""]","Use the Rehabwheel teal browser theme","implemented"
"499","404.html","meta[name=""color-scheme""]","Keep native browser controls consistent with the light page design","implemented"
"500","funding.html","#fund-search","Explain that provider websites can be searched","implemented"
